[{"_allAttributes":null,"_properties":null,"_methods":null,"file":"d:/Salesforce Training/PropertyBookingAppV1.1/force-app/main/default/lwc/bookingPropertySection/bookingPropertySection.js","metadata":{"decorators":[{"type":"wire","targets":[{"name":"messageContext","adapter":{"name":"MessageContext","reference":"lightning/messageService"},"type":"property"}]}],"declarationLoc":{"start":{"line":13,"column":0},"end":{"line":69,"column":1}},"classMembers":[{"type":"property","name":"columns","loc":{"start":{"line":14,"column":4},"end":{"line":14,"column":22}}},{"type":"property","name":"isempty","loc":{"start":{"line":15,"column":4},"end":{"line":15,"column":19}}},{"type":"property","name":"isloading","loc":{"start":{"line":16,"column":4},"end":{"line":16,"column":22}}},{"type":"property","name":"isemptyresult","loc":{"start":{"line":17,"column":4},"end":{"line":17,"column":25}}},{"type":"property","name":"result","loc":{"start":{"line":18,"column":4},"end":{"line":18,"column":18}}},{"type":"property","name":"subscription","loc":{"start":{"line":19,"column":4},"end":{"line":19,"column":24}}},{"type":"property","name":"baseURL","loc":{"start":{"line":20,"column":4},"end":{"line":20,"column":12}}},{"type":"property","name":"messageContext","loc":{"start":{"line":21,"column":4},"end":{"line":21,"column":42}},"decorator":"wire"},{"type":"method","name":"subscribeToMessageChannel","loc":{"start":{"line":22,"column":4},"end":{"line":28,"column":5}}},{"type":"method","name":"handleSearch","loc":{"start":{"line":29,"column":4},"end":{"line":63,"column":5}}},{"type":"method","name":"connectedCallback","loc":{"start":{"line":64,"column":4},"end":{"line":68,"column":5}}}],"exports":[{"type":"ExportDefaultDeclaration"}]},"updatedAt":"2022-08-07T07:23:09.637Z"},{"_allAttributes":null,"_properties":null,"_methods":null,"file":"d:/Salesforce Training/PropertyBookingAppV1.1/force-app/main/default/lwc/caseSearch/caseSearch.js","metadata":{"decorators":[],"declarationLoc":{"start":{"line":26,"column":0},"end":{"line":68,"column":1}},"classMembers":[{"type":"property","name":"colCase","loc":{"start":{"line":27,"column":4},"end":{"line":27,"column":22}}},{"type":"property","name":"colAccount","loc":{"start":{"line":28,"column":4},"end":{"line":28,"column":28}}},{"type":"property","name":"colContact","loc":{"start":{"line":29,"column":4},"end":{"line":29,"column":28}}},{"type":"property","name":"searchValue","loc":{"start":{"line":30,"column":4},"end":{"line":30,"column":16}}},{"type":"property","name":"result","loc":{"start":{"line":31,"column":4},"end":{"line":31,"column":11}}},{"type":"method","name":"handleSearch","loc":{"start":{"line":32,"column":4},"end":{"line":67,"column":5}}}],"exports":[{"type":"ExportDefaultDeclaration"}]},"updatedAt":"2022-08-07T07:23:09.615Z"},{"_allAttributes":null,"_properties":null,"_methods":null,"file":"d:/Salesforce Training/PropertyBookingAppV1.1/force-app/main/default/lwc/contactCreator/contactCreator.js","metadata":{"decorators":[],"declarationLoc":{"start":{"line":9,"column":0},"end":{"line":19,"column":1}},"classMembers":[{"type":"property","name":"objectApiName","loc":{"start":{"line":10,"column":4},"end":{"line":10,"column":35}}},{"type":"property","name":"field","loc":{"start":{"line":11,"column":4},"end":{"line":11,"column":59}}},{"type":"method","name":"handleSuccess","loc":{"start":{"line":12,"column":4},"end":{"line":18,"column":5}}}],"exports":[{"type":"ExportDefaultDeclaration"}]},"updatedAt":"2022-08-07T07:23:09.633Z"},{"_allAttributes":null,"_properties":null,"_methods":null,"file":"d:/Salesforce Training/PropertyBookingAppV1.1/force-app/main/default/lwc/customerSection/customerSection.js","metadata":{"decorators":[{"type":"wire","targets":[{"name":"messageContext","adapter":{"name":"MessageContext","reference":"lightning/messageService"},"type":"property"}]}],"declarationLoc":{"start":{"line":12,"column":0},"end":{"line":61,"column":1}},"classMembers":[{"type":"property","name":"columns","loc":{"start":{"line":13,"column":4},"end":{"line":13,"column":22}}},{"type":"property","name":"isempty","loc":{"start":{"line":14,"column":4},"end":{"line":14,"column":19}}},{"type":"property","name":"isloading","loc":{"start":{"line":15,"column":4},"end":{"line":15,"column":22}}},{"type":"property","name":"isemptyresult","loc":{"start":{"line":16,"column":4},"end":{"line":16,"column":25}}},{"type":"property","name":"result","loc":{"start":{"line":17,"column":4},"end":{"line":17,"column":18}}},{"type":"property","name":"subscription","loc":{"start":{"line":18,"column":4},"end":{"line":18,"column":24}}},{"type":"property","name":"messageContext","loc":{"start":{"line":19,"column":4},"end":{"line":19,"column":42}},"decorator":"wire"},{"type":"method","name":"subscribeToMessageChannel","loc":{"start":{"line":20,"column":4},"end":{"line":26,"column":5}}},{"type":"method","name":"handleSearch","loc":{"start":{"line":27,"column":4},"end":{"line":56,"column":5}}},{"type":"method","name":"connectedCallback","loc":{"start":{"line":57,"column":4},"end":{"line":60,"column":5}}}],"exports":[{"type":"ExportDefaultDeclaration"}]},"updatedAt":"2022-08-07T07:23:09.641Z"},{"_allAttributes":null,"_properties":null,"_methods":null,"file":"d:/Salesforce Training/PropertyBookingAppV1.1/force-app/main/default/lwc/openQuoteButton/openQuoteButton.js","metadata":{"decorators":[{"type":"api","targets":[{"type":"property","name":"recordId","value":{"type":"unresolved"}},{"type":"method","name":"invoke"}]}],"exports":[{"type":"ExportDefaultDeclaration"}]},"updatedAt":"2022-08-07T07:23:09.612Z"},{"_allAttributes":null,"_properties":null,"_methods":null,"file":"d:/Salesforce Training/PropertyBookingAppV1.1/force-app/main/default/lwc/propertySection/propertySection.js","metadata":{"decorators":[{"type":"wire","targets":[{"name":"messageContext","adapter":{"name":"MessageContext","reference":"lightning/messageService"},"type":"property"}]}],"declarationLoc":{"start":{"line":15,"column":0},"end":{"line":68,"column":1}},"classMembers":[{"type":"property","name":"columns","loc":{"start":{"line":16,"column":4},"end":{"line":16,"column":22}}},{"type":"property","name":"isempty","loc":{"start":{"line":17,"column":4},"end":{"line":17,"column":19}}},{"type":"property","name":"isloading","loc":{"start":{"line":18,"column":4},"end":{"line":18,"column":22}}},{"type":"property","name":"isemptyresult","loc":{"start":{"line":19,"column":4},"end":{"line":19,"column":25}}},{"type":"property","name":"result","loc":{"start":{"line":20,"column":4},"end":{"line":20,"column":18}}},{"type":"property","name":"subscription","loc":{"start":{"line":21,"column":4},"end":{"line":21,"column":24}}},{"type":"property","name":"messageContext","loc":{"start":{"line":22,"column":4},"end":{"line":22,"column":42}},"decorator":"wire"},{"type":"method","name":"subscribeToMessageChannel","loc":{"start":{"line":23,"column":4},"end":{"line":29,"column":5}}},{"type":"method","name":"handleSearch","loc":{"start":{"line":30,"column":4},"end":{"line":63,"column":5}}},{"type":"method","name":"connectedCallback","loc":{"start":{"line":64,"column":4},"end":{"line":67,"column":5}}}],"exports":[{"type":"ExportDefaultDeclaration"}]},"updatedAt":"2022-08-07T07:23:09.627Z"},{"_allAttributes":null,"_properties":null,"_methods":null,"file":"d:/Salesforce Training/PropertyBookingAppV1.1/force-app/main/default/lwc/quotationSection/quotationSection.js","metadata":{"decorators":[{"type":"wire","targets":[{"name":"messageContext","adapter":{"name":"MessageContext","reference":"lightning/messageService"},"type":"property"}]}],"declarationLoc":{"start":{"line":12,"column":0},"end":{"line":64,"column":1}},"classMembers":[{"type":"property","name":"columns","loc":{"start":{"line":13,"column":4},"end":{"line":13,"column":22}}},{"type":"property","name":"isempty","loc":{"start":{"line":14,"column":4},"end":{"line":14,"column":19}}},{"type":"property","name":"isloading","loc":{"start":{"line":15,"column":4},"end":{"line":15,"column":22}}},{"type":"property","name":"isemptyresult","loc":{"start":{"line":16,"column":4},"end":{"line":16,"column":25}}},{"type":"property","name":"result","loc":{"start":{"line":17,"column":4},"end":{"line":17,"column":18}}},{"type":"property","name":"subscription","loc":{"start":{"line":18,"column":4},"end":{"line":18,"column":24}}},{"type":"property","name":"messageContext","loc":{"start":{"line":19,"column":4},"end":{"line":19,"column":42}},"decorator":"wire"},{"type":"method","name":"subscribeToMessageChannel","loc":{"start":{"line":20,"column":4},"end":{"line":26,"column":5}}},{"type":"method","name":"handleSearch","loc":{"start":{"line":27,"column":4},"end":{"line":59,"column":5}}},{"type":"method","name":"connectedCallback","loc":{"start":{"line":60,"column":4},"end":{"line":63,"column":5}}}],"exports":[{"type":"ExportDefaultDeclaration"}]},"updatedAt":"2022-08-07T07:23:09.630Z"},{"_allAttributes":null,"_properties":null,"_methods":null,"file":"d:/Salesforce Training/PropertyBookingAppV1.1/force-app/main/default/lwc/searchResult/searchResult.js","metadata":{"decorators":[{"type":"api","targets":[{"type":"property","name":"title","value":{"type":"unresolved"}},{"type":"property","name":"columns","value":{"type":"unresolved"}},{"type":"property","name":"result","value":{"type":"unresolved"}},{"type":"property","name":"isloading","value":{"type":"unresolved"}},{"type":"property","name":"isempty","value":{"type":"unresolved"}},{"type":"property","name":"isemptyresult","value":{"type":"unresolved"}}]}],"declarationLoc":{"start":{"line":3,"column":0},"end":{"line":10,"column":1}},"classMembers":[{"type":"property","name":"title","loc":{"start":{"line":4,"column":4},"end":{"line":4,"column":15}},"decorator":"api","value":{"type":"unresolved"}},{"type":"property","name":"columns","loc":{"start":{"line":5,"column":4},"end":{"line":5,"column":17}},"decorator":"api","value":{"type":"unresolved"}},{"type":"property","name":"result","loc":{"start":{"line":6,"column":4},"end":{"line":6,"column":16}},"decorator":"api","value":{"type":"unresolved"}},{"type":"property","name":"isloading","loc":{"start":{"line":7,"column":4},"end":{"line":7,"column":19}},"decorator":"api","value":{"type":"unresolved"}},{"type":"property","name":"isempty","loc":{"start":{"line":8,"column":4},"end":{"line":8,"column":17}},"decorator":"api","value":{"type":"unresolved"}},{"type":"property","name":"isemptyresult","loc":{"start":{"line":9,"column":4},"end":{"line":9,"column":23}},"decorator":"api","value":{"type":"unresolved"}}],"exports":[{"type":"ExportDefaultDeclaration"}]},"updatedAt":"2022-08-07T07:23:09.647Z"},{"_allAttributes":null,"_properties":null,"_methods":null,"file":"d:/Salesforce Training/PropertyBookingAppV1.1/force-app/main/default/lwc/searchSection/searchSection.js","metadata":{"decorators":[{"type":"wire","targets":[{"name":"messageContext","adapter":{"name":"MessageContext","reference":"lightning/messageService"},"type":"property"}]}],"declarationLoc":{"start":{"line":5,"column":0},"end":{"line":60,"column":1}},"classMembers":[{"type":"property","name":"messageContext","loc":{"start":{"line":6,"column":4},"end":{"line":7,"column":19}},"decorator":"wire"},{"type":"property","name":"searchPropertyNameValue","loc":{"start":{"line":8,"column":4},"end":{"line":8,"column":33}}},{"type":"property","name":"searchPropertyNumberValue","loc":{"start":{"line":9,"column":4},"end":{"line":9,"column":35}}},{"type":"property","name":"searchCustomerNameValue","loc":{"start":{"line":10,"column":4},"end":{"line":10,"column":33}}},{"type":"property","name":"searchPropertyBookingRef","loc":{"start":{"line":11,"column":4},"end":{"line":11,"column":34}}},{"type":"property","name":"searchQuotationNumberValue","loc":{"start":{"line":12,"column":4},"end":{"line":12,"column":36}}},{"type":"method","name":"handleSearchPropertyName","loc":{"start":{"line":13,"column":4},"end":{"line":16,"column":5}}},{"type":"method","name":"handleSearchPropertyNumber","loc":{"start":{"line":17,"column":4},"end":{"line":20,"column":5}}},{"type":"method","name":"handleSearchCustomerName","loc":{"start":{"line":21,"column":4},"end":{"line":24,"column":5}}},{"type":"method","name":"handleSearchPropertyBookingRef","loc":{"start":{"line":25,"column":4},"end":{"line":28,"column":5}}},{"type":"method","name":"handleSearchQuotationNumber","loc":{"start":{"line":29,"column":4},"end":{"line":32,"column":5}}},{"type":"method","name":"handleSearch","loc":{"start":{"line":33,"column":4},"end":{"line":38,"column":5}}},{"type":"method","name":"searchProperty","loc":{"start":{"line":39,"column":4},"end":{"line":44,"column":5}}},{"type":"method","name":"searchCustomer","loc":{"start":{"line":45,"column":4},"end":{"line":49,"column":5}}},{"type":"method","name":"searchQuotation","loc":{"start":{"line":50,"column":4},"end":{"line":54,"column":5}}},{"type":"method","name":"searchPropertyBooking","loc":{"start":{"line":55,"column":4},"end":{"line":59,"column":5}}}],"exports":[{"type":"ExportDefaultDeclaration"}]},"updatedAt":"2022-08-07T07:23:09.644Z"},{"_allAttributes":null,"_properties":null,"_methods":null,"file":"d:/Salesforce Training/PropertyBookingAppV1.1/force-app/main/default/lwc/sendQuotationButton/sendQuotationButton.js","metadata":{"decorators":[{"type":"api","targets":[{"type":"property","name":"recordId","value":{"type":"unresolved"}},{"type":"method","name":"invoke"}]}],"declarationLoc":{"start":{"line":6,"column":0},"end":{"line":30,"column":1}},"classMembers":[{"type":"property","name":"recordId","loc":{"start":{"line":7,"column":4},"end":{"line":7,"column":18}},"decorator":"api","value":{"type":"unresolved"}},{"type":"method","name":"invoke","loc":{"start":{"line":8,"column":4},"end":{"line":29,"column":5}},"decorator":"api"}],"exports":[{"type":"ExportDefaultDeclaration"}]},"updatedAt":"2022-08-07T07:23:09.619Z"}]