<?xml version="1.0" encoding="UTF-8"?>
<ListView xmlns="http://soap.sforce.com/2006/04/metadata">
    <fullName>All</fullName>
    <columns>NAME</columns>
    <columns>Name__c</columns>
    <columns>Area__c</columns>
    <columns>State__c</columns>
    <columns>District__c</columns>
    <columns>Type__c</columns>
    <columns>Storey__c</columns>
    <columns>Built_On__c</columns>
    <columns>Property_Age_Years__c</columns>
    <columns>Need_Renovation__c</columns>
    <filterScope>Everything</filterScope>
    <label>All</label>
</ListView>
