<?xml version="1.0" encoding="UTF-8"?>
<CustomField xmlns="http://soap.sforce.com/2006/04/metadata">
    <fullName>Car_Models_Manufactured__c</fullName>
    <externalId>false</externalId>
    <label>Car Models Manufactured</label>
    <summaryFilterItems>
        <field>Car_Model__c.Stage__c</field>
        <operation>equals</operation>
        <value>Manufactured</value>
    </summaryFilterItems>
    <summaryForeignKey>Car_Model__c.Car__c</summaryForeignKey>
    <summaryOperation>count</summaryOperation>
    <trackHistory>false</trackHistory>
    <trackTrending>false</trackTrending>
    <type>Summary</type>
</CustomField>
