{
  "status": 0,
  "result": [
    {
      "createdById": "0055i000004VwujAAC",
      "createdByName": "Support Team",
      "createdDate": "2022-07-22T00:04:16.000Z",
      "fileName": "quickActions/Task.Defer.quickAction",
      "fullName": "Task.Defer",
      "id": "09D5i00000AMHEvEAP",
      "lastModifiedById": "0055i000004VwujAAC",
      "lastModifiedByName": "Support Team",
      "lastModifiedDate": "2022-07-22T00:04:16.000Z",
      "manageableState": "unmanaged",
      "type": "QuickAction"
    },
    {
      "createdById": "0055i000004VwujAAC",
      "createdByName": "Support Team",
      "createdDate": "2022-07-22T00:04:16.000Z",
      "fileName": "quickActions/Task.UpdatePriority.quickAction",
      "fullName": "Task.UpdatePriority",
      "id": "09D5i00000AMHExEAP",
      "lastModifiedById": "0055i000004VwujAAC",
      "lastModifiedByName": "Support Team",
      "lastModifiedDate": "2022-07-22T00:04:16.000Z",
      "manageableState": "unmanaged",
      "type": "QuickAction"
    },
    {
      "createdById": "0055i000004VwujAAC",
      "createdByName": "Support Team",
      "createdDate": "2022-07-22T00:04:16.000Z",
      "fileName": "quickActions/NewEvent.quickAction",
      "fullName": "NewEvent",
      "id": "09D5i00000AMHEtEAP",
      "lastModifiedById": "0055i000004VwujAAC",
      "lastModifiedByName": "Support Team",
      "lastModifiedDate": "2022-07-22T00:04:16.000Z",
      "manageableState": "unmanaged",
      "type": "QuickAction"
    },
    {
      "createdById": "0055i000004VwujAAC",
      "createdByName": "Support Team",
      "createdDate": "2022-07-22T00:04:16.000Z",
      "fileName": "quickActions/NewTask.quickAction",
      "fullName": "NewTask",
      "id": "09D5i00000AMHErEAP",
      "lastModifiedById": "0055i000004VwujAAC",
      "lastModifiedByName": "Support Team",
      "lastModifiedDate": "2022-07-22T00:04:16.000Z",
      "manageableState": "unmanaged",
      "type": "QuickAction"
    },
    {
      "createdById": "0055i000004VwujAAC",
      "createdByName": "Support Team",
      "createdDate": "2022-07-22T00:04:16.000Z",
      "fileName": "quickActions/CollaborationGroup.NewGroupMember.quickAction",
      "fullName": "CollaborationGroup.NewGroupMember",
      "id": "09D5i00000AMHF8EAP",
      "lastModifiedById": "0055i000004VwujAAC",
      "lastModifiedByName": "Support Team",
      "lastModifiedDate": "2022-07-22T00:04:16.000Z",
      "manageableState": "unmanaged",
      "type": "QuickAction"
    },
    {
      "createdById": "0055i000004VwujAAC",
      "createdByName": "Support Team",
      "createdDate": "2022-07-22T00:04:16.000Z",
      "fileName": "quickActions/Task.EditDescription.quickAction",
      "fullName": "Task.EditDescription",
      "id": "09D5i00000AMHEuEAP",
      "lastModifiedById": "0055i000004VwujAAC",
      "lastModifiedByName": "Support Team",
      "lastModifiedDate": "2022-07-22T00:04:16.000Z",
      "manageableState": "unmanaged",
      "type": "QuickAction"
    },
    {
      "createdById": "0055i000004VwujAAC",
      "createdByName": "Support Team",
      "createdDate": "2022-07-22T00:04:16.000Z",
      "fileName": "quickActions/NewGroup.quickAction",
      "fullName": "NewGroup",
      "id": "09D5i00000AMHF7EAP",
      "lastModifiedById": "0055i000004VwujAAC",
      "lastModifiedByName": "Support Team",
      "lastModifiedDate": "2022-07-22T00:04:16.000Z",
      "manageableState": "unmanaged",
      "type": "QuickAction"
    },
    {
      "createdById": "0055i000005Bu60AAC",
      "createdByName": "Automated Process",
      "createdDate": "2022-07-22T00:04:16.000Z",
      "fileName": "quickActions/SendEmail.quickAction",
      "fullName": "SendEmail",
      "id": "09D5i00000AMHF2EAP",
      "lastModifiedById": "0055i000005Bu60AAC",
      "lastModifiedByName": "Automated Process",
      "lastModifiedDate": "2022-07-22T00:04:16.000Z",
      "manageableState": "unmanaged",
      "type": "QuickAction"
    },
    {
      "createdById": "0055i000004VwujAAC",
      "createdByName": "Support Team",
      "createdDate": "2022-07-22T00:04:16.000Z",
      "fileName": "quickActions/CollaborationGroup.NewGroupRecord.quickAction",
      "fullName": "CollaborationGroup.NewGroupRecord",
      "id": "09D5i00000AMHF9EAP",
      "lastModifiedById": "0055i000004VwujAAC",
      "lastModifiedByName": "Support Team",
      "lastModifiedDate": "2022-07-22T00:04:16.000Z",
      "manageableState": "unmanaged",
      "type": "QuickAction"
    },
    {
      "createdById": "0055i000004VwujAAC",
      "createdByName": "Support Team",
      "createdDate": "2022-07-22T00:04:16.000Z",
      "fileName": "quickActions/NewLead.quickAction",
      "fullName": "NewLead",
      "id": "09D5i00000AMHF1EAP",
      "lastModifiedById": "0055i000004VwujAAC",
      "lastModifiedByName": "Support Team",
      "lastModifiedDate": "2022-07-22T00:04:16.000Z",
      "manageableState": "unmanaged",
      "type": "QuickAction"
    },
    {
      "createdById": "0055i000004VwujAAC",
      "createdByName": "Support Team",
      "createdDate": "2022-07-22T00:07:28.000Z",
      "fileName": "quickActions/Case.LogACall.quickAction",
      "fullName": "Case.LogACall",
      "id": "09D5i00000AMHJgEAP",
      "lastModifiedById": "0055i000004VwujAAC",
      "lastModifiedByName": "Support Team",
      "lastModifiedDate": "2022-07-22T00:07:28.000Z",
      "manageableState": "unmanaged",
      "type": "QuickAction"
    },
    {
      "createdById": "0055i000004VwujAAC",
      "createdByName": "Support Team",
      "createdDate": "2022-07-22T00:04:16.000Z",
      "fileName": "quickActions/Case.NewChildCase.quickAction",
      "fullName": "Case.NewChildCase",
      "id": "09D5i00000AMHF6EAP",
      "lastModifiedById": "0055i000004VwujAAC",
      "lastModifiedByName": "Support Team",
      "lastModifiedDate": "2022-07-22T00:04:16.000Z",
      "manageableState": "unmanaged",
      "type": "QuickAction"
    },
    {
      "createdById": "0055i000004VwujAAC",
      "createdByName": "Support Team",
      "createdDate": "2022-07-22T00:04:16.000Z",
      "fileName": "quickActions/NewAccount.quickAction",
      "fullName": "NewAccount",
      "id": "09D5i00000AMHF5EAP",
      "lastModifiedById": "0055i000004VwujAAC",
      "lastModifiedByName": "Support Team",
      "lastModifiedDate": "2022-07-22T00:04:16.000Z",
      "manageableState": "unmanaged",
      "type": "QuickAction"
    },
    {
      "createdById": "0055i000004VwujAAC",
      "createdByName": "Support Team",
      "createdDate": "2022-07-22T00:04:16.000Z",
      "fileName": "quickActions/NewContact.quickAction",
      "fullName": "NewContact",
      "id": "09D5i00000AMHEyEAP",
      "lastModifiedById": "0055i000004VwujAAC",
      "lastModifiedByName": "Support Team",
      "lastModifiedDate": "2022-07-22T00:04:16.000Z",
      "manageableState": "unmanaged",
      "type": "QuickAction"
    },
    {
      "createdById": "0055i000004VwujAAC",
      "createdByName": "Support Team",
      "createdDate": "2022-07-22T00:04:16.000Z",
      "fileName": "quickActions/NewNote.quickAction",
      "fullName": "NewNote",
      "id": "09D5i00000AMHF3EAP",
      "lastModifiedById": "0055i000004VwujAAC",
      "lastModifiedByName": "Support Team",
      "lastModifiedDate": "2022-07-22T00:04:16.000Z",
      "manageableState": "unmanaged",
      "type": "QuickAction"
    },
    {
      "createdById": "0055i000004VwujAAC",
      "createdByName": "Support Team",
      "createdDate": "2022-07-22T00:04:16.000Z",
      "fileName": "quickActions/LogACall.quickAction",
      "fullName": "LogACall",
      "id": "09D5i00000AMHEsEAP",
      "lastModifiedById": "0055i000004VwujAAC",
      "lastModifiedByName": "Support Team",
      "lastModifiedDate": "2022-07-22T00:04:16.000Z",
      "manageableState": "unmanaged",
      "type": "QuickAction"
    },
    {
      "createdById": "0055i000004VwujAAC",
      "createdByName": "Support Team",
      "createdDate": "2022-07-22T00:04:16.000Z",
      "fileName": "quickActions/FeedItem.NewTaskFromFeedItem.quickAction",
      "fullName": "FeedItem.NewTaskFromFeedItem",
      "id": "09D5i00000AMHF4EAP",
      "lastModifiedById": "0055i000004VwujAAC",
      "lastModifiedByName": "Support Team",
      "lastModifiedDate": "2022-07-22T00:04:16.000Z",
      "manageableState": "unmanaged",
      "type": "QuickAction"
    },
    {
      "createdById": "0055i000004VwujAAC",
      "createdByName": "Support Team",
      "createdDate": "2022-07-22T00:04:16.000Z",
      "fileName": "quickActions/NewCase.quickAction",
      "fullName": "NewCase",
      "id": "09D5i00000AMHF0EAP",
      "lastModifiedById": "0055i000004VwujAAC",
      "lastModifiedByName": "Support Team",
      "lastModifiedDate": "2022-07-22T00:04:16.000Z",
      "manageableState": "unmanaged",
      "type": "QuickAction"
    },
    {
      "createdById": "0055i000004VwujAAC",
      "createdByName": "Support Team",
      "createdDate": "2022-07-22T00:04:16.000Z",
      "fileName": "quickActions/Task.UpdateStatus.quickAction",
      "fullName": "Task.UpdateStatus",
      "id": "09D5i00000AMHEwEAP",
      "lastModifiedById": "0055i000004VwujAAC",
      "lastModifiedByName": "Support Team",
      "lastModifiedDate": "2022-07-22T00:04:16.000Z",
      "manageableState": "unmanaged",
      "type": "QuickAction"
    },
    {
      "createdById": "0055i000004VwujAAC",
      "createdByName": "Support Team",
      "createdDate": "2022-07-22T00:04:16.000Z",
      "fileName": "quickActions/NewOpportunity.quickAction",
      "fullName": "NewOpportunity",
      "id": "09D5i00000AMHEzEAP",
      "lastModifiedById": "0055i000004VwujAAC",
      "lastModifiedByName": "Support Team",
      "lastModifiedDate": "2022-07-22T00:04:16.000Z",
      "manageableState": "unmanaged",
      "type": "QuickAction"
    }
  ]
}