{
  "status": 0,
  "result": [
    {
      "createdById": "0055i000004VwujAAC",
      "createdByName": "Support Team",
      "createdDate": "1970-01-01T00:00:00.000Z",
      "fileName": "roles/MarketingTeam.role",
      "fullName": "MarketingTeam",
      "id": "00E5i000001p8mkEAA",
      "lastModifiedById": "0055i000004VwujAAC",
      "lastModifiedByName": "Support Team",
      "lastModifiedDate": "2022-07-22T00:04:16.000Z",
      "type": "Role"
    },
    {
      "createdById": "0055i000004VwujAAC",
      "createdByName": "Support Team",
      "createdDate": "1970-01-01T00:00:00.000Z",
      "fileName": "roles/Sales_Users.role",
      "fullName": "Sales_Users",
      "id": "00E5i000000l4npEAA",
      "lastModifiedById": "0055i000004VwujAAC",
      "lastModifiedByName": "Support Team",
      "lastModifiedDate": "2022-07-22T06:55:04.000Z",
      "type": "Role"
    },
    {
      "createdById": "0055i000004VwujAAC",
      "createdByName": "Support Team",
      "createdDate": "1970-01-01T00:00:00.000Z",
      "fileName": "roles/Support_Team.role",
      "fullName": "Support_Team",
      "id": "00E5i000000l4nfEAA",
      "lastModifiedById": "0055i000004VwujAAC",
      "lastModifiedByName": "Support Team",
      "lastModifiedDate": "2022-07-22T06:54:31.000Z",
      "type": "Role"
    },
    {
      "createdById": "0055i000004VwujAAC",
      "createdByName": "Support Team",
      "createdDate": "1970-01-01T00:00:00.000Z",
      "fileName": "roles/InstallationRepairServices.role",
      "fullName": "InstallationRepairServices",
      "id": "00E5i000001p8mlEAA",
      "lastModifiedById": "0055i000004VwujAAC",
      "lastModifiedByName": "Support Team",
      "lastModifiedDate": "2022-07-22T00:04:16.000Z",
      "type": "Role"
    },
    {
      "createdById": "0055i000004VwujAAC",
      "createdByName": "Support Team",
      "createdDate": "1970-01-01T00:00:00.000Z",
      "fileName": "roles/CustomerSupportInternational.role",
      "fullName": "CustomerSupportInternational",
      "id": "00E5i000001p8mnEAA",
      "lastModifiedById": "0055i000004VwujAAC",
      "lastModifiedByName": "Support Team",
      "lastModifiedDate": "2022-07-22T00:04:16.000Z",
      "type": "Role"
    },
    {
      "createdById": "0055i000004VwujAAC",
      "createdByName": "Support Team",
      "createdDate": "1970-01-01T00:00:00.000Z",
      "fileName": "roles/ChannelSalesTeam.role",
      "fullName": "ChannelSalesTeam",
      "id": "00E5i000001p8mjEAA",
      "lastModifiedById": "0055i000004VwujAAC",
      "lastModifiedByName": "Support Team",
      "lastModifiedDate": "2022-07-22T00:04:16.000Z",
      "type": "Role"
    },
    {
      "createdById": "0055i000004VwujAAC",
      "createdByName": "Support Team",
      "createdDate": "1970-01-01T00:00:00.000Z",
      "fileName": "roles/VPInternationalSales.role",
      "fullName": "VPInternationalSales",
      "id": "00E5i000001p8moEAA",
      "lastModifiedById": "0055i000004VwujAAC",
      "lastModifiedByName": "Support Team",
      "lastModifiedDate": "2022-07-22T00:04:16.000Z",
      "type": "Role"
    },
    {
      "createdById": "0055i000004VwujAAC",
      "createdByName": "Support Team",
      "createdDate": "1970-01-01T00:00:00.000Z",
      "fileName": "roles/VPNorthAmericanSales.role",
      "fullName": "VPNorthAmericanSales",
      "id": "00E5i000001p8mbEAA",
      "lastModifiedById": "0055i000004VwujAAC",
      "lastModifiedByName": "Support Team",
      "lastModifiedDate": "2022-07-22T00:04:16.000Z",
      "type": "Role"
    },
    {
      "createdById": "0055i000004VwujAAC",
      "createdByName": "Support Team",
      "createdDate": "1970-01-01T00:00:00.000Z",
      "fileName": "roles/SVPSalesMarketing.role",
      "fullName": "SVPSalesMarketing",
      "id": "00E5i000001p8maEAA",
      "lastModifiedById": "0055i000004VwujAAC",
      "lastModifiedByName": "Support Team",
      "lastModifiedDate": "2022-07-22T00:04:16.000Z",
      "type": "Role"
    },
    {
      "createdById": "0055i000004VwujAAC",
      "createdByName": "Support Team",
      "createdDate": "1970-01-01T00:00:00.000Z",
      "fileName": "roles/CEO.role",
      "fullName": "CEO",
      "id": "00E5i000001p8mZEAQ",
      "lastModifiedById": "0055i000004VwujAAC",
      "lastModifiedByName": "Support Team",
      "lastModifiedDate": "2022-07-22T00:04:16.000Z",
      "type": "Role"
    },
    {
      "createdById": "0055i000004VwujAAC",
      "createdByName": "Support Team",
      "createdDate": "1970-01-01T00:00:00.000Z",
      "fileName": "roles/CFO.role",
      "fullName": "CFO",
      "id": "00E5i000001p8mgEAA",
      "lastModifiedById": "0055i000004VwujAAC",
      "lastModifiedByName": "Support Team",
      "lastModifiedDate": "2022-07-22T00:04:16.000Z",
      "type": "Role"
    },
    {
      "createdById": "0055i000004VwujAAC",
      "createdByName": "Support Team",
      "createdDate": "1970-01-01T00:00:00.000Z",
      "fileName": "roles/DirectorDirectSales.role",
      "fullName": "DirectorDirectSales",
      "id": "00E5i000001p8mcEAA",
      "lastModifiedById": "0055i000004VwujAAC",
      "lastModifiedByName": "Support Team",
      "lastModifiedDate": "2022-07-22T00:04:16.000Z",
      "type": "Role"
    },
    {
      "createdById": "0055i000004VwujAAC",
      "createdByName": "Support Team",
      "createdDate": "1970-01-01T00:00:00.000Z",
      "fileName": "roles/SVPCustomerServiceSupport.role",
      "fullName": "SVPCustomerServiceSupport",
      "id": "00E5i000001p8meEAA",
      "lastModifiedById": "0055i000004VwujAAC",
      "lastModifiedByName": "Support Team",
      "lastModifiedDate": "2022-07-22T00:04:16.000Z",
      "type": "Role"
    },
    {
      "createdById": "0055i000004VwujAAC",
      "createdByName": "Support Team",
      "createdDate": "1970-01-01T00:00:00.000Z",
      "fileName": "roles/EasternSalesTeam.role",
      "fullName": "EasternSalesTeam",
      "id": "00E5i000001p8mmEAA",
      "lastModifiedById": "0055i000004VwujAAC",
      "lastModifiedByName": "Support Team",
      "lastModifiedDate": "2022-07-22T00:04:16.000Z",
      "type": "Role"
    },
    {
      "createdById": "0055i000004VwujAAC",
      "createdByName": "Support Team",
      "createdDate": "1970-01-01T00:00:00.000Z",
      "fileName": "roles/VPMarketing.role",
      "fullName": "VPMarketing",
      "id": "00E5i000001p8mdEAA",
      "lastModifiedById": "0055i000004VwujAAC",
      "lastModifiedByName": "Support Team",
      "lastModifiedDate": "2022-07-22T00:04:16.000Z",
      "type": "Role"
    },
    {
      "createdById": "0055i000004VwujAAC",
      "createdByName": "Support Team",
      "createdDate": "1970-01-01T00:00:00.000Z",
      "fileName": "roles/CustomerSupportNorthAmerica.role",
      "fullName": "CustomerSupportNorthAmerica",
      "id": "00E5i000001p8miEAA",
      "lastModifiedById": "0055i000004VwujAAC",
      "lastModifiedByName": "Support Team",
      "lastModifiedDate": "2022-07-22T00:04:16.000Z",
      "type": "Role"
    },
    {
      "createdById": "0055i000004VwujAAC",
      "createdByName": "Support Team",
      "createdDate": "1970-01-01T00:00:00.000Z",
      "fileName": "roles/COO.role",
      "fullName": "COO",
      "id": "00E5i000001p8mqEAA",
      "lastModifiedById": "0055i000004VwujAAC",
      "lastModifiedByName": "Support Team",
      "lastModifiedDate": "2022-07-22T00:04:16.000Z",
      "type": "Role"
    },
    {
      "createdById": "0055i000004VwujAAC",
      "createdByName": "Support Team",
      "createdDate": "1970-01-01T00:00:00.000Z",
      "fileName": "roles/WesternSalesTeam.role",
      "fullName": "WesternSalesTeam",
      "id": "00E5i000001p8mhEAA",
      "lastModifiedById": "0055i000004VwujAAC",
      "lastModifiedByName": "Support Team",
      "lastModifiedDate": "2022-07-22T00:04:16.000Z",
      "type": "Role"
    },
    {
      "createdById": "0055i000004VwujAAC",
      "createdByName": "Support Team",
      "createdDate": "1970-01-01T00:00:00.000Z",
      "fileName": "roles/Business_Users.role",
      "fullName": "Business_Users",
      "id": "00E5i000000l4nkEAA",
      "lastModifiedById": "0055i000004VwujAAC",
      "lastModifiedByName": "Support Team",
      "lastModifiedDate": "2022-07-22T06:55:19.000Z",
      "type": "Role"
    },
    {
      "createdById": "0055i000004VwujAAC",
      "createdByName": "Support Team",
      "createdDate": "1970-01-01T00:00:00.000Z",
      "fileName": "roles/DirectorChannelSales.role",
      "fullName": "DirectorChannelSales",
      "id": "00E5i000001p8mfEAA",
      "lastModifiedById": "0055i000004VwujAAC",
      "lastModifiedByName": "Support Team",
      "lastModifiedDate": "2022-07-22T00:04:16.000Z",
      "type": "Role"
    },
    {
      "createdById": "0055i000004VwujAAC",
      "createdByName": "Support Team",
      "createdDate": "1970-01-01T00:00:00.000Z",
      "fileName": "roles/SVPHumanResources.role",
      "fullName": "SVPHumanResources",
      "id": "00E5i000001p8mpEAA",
      "lastModifiedById": "0055i000004VwujAAC",
      "lastModifiedByName": "Support Team",
      "lastModifiedDate": "2022-07-22T00:04:16.000Z",
      "type": "Role"
    }
  ]
}