<?xml version="1.0" encoding="UTF-8"?>
<Flow xmlns="http://soap.sforce.com/2006/04/metadata">
    <apiVersion>55.0</apiVersion>
    <decisions>
        <name>Is_unit_occupied</name>
        <label>Is unit occupied</label>
        <locationX>182</locationX>
        <locationY>431</locationY>
        <defaultConnectorLabel>Not Occupied</defaultConnectorLabel>
        <rules>
            <name>Occupied</name>
            <conditionLogic>and</conditionLogic>
            <conditions>
                <leftValueReference>Get_Contracts</leftValueReference>
                <operator>IsNull</operator>
                <rightValue>
                    <booleanValue>false</booleanValue>
                </rightValue>
            </conditions>
            <connector>
                <targetReference>Activate_Validation</targetReference>
            </connector>
            <label>Occupied</label>
        </rules>
    </decisions>
    <environments>Default</environments>
    <interviewLabel>Contract: Stop Approved Units {!$Flow.CurrentDateTime}</interviewLabel>
    <label>Contract: Stop Approved Units</label>
    <processMetadataValues>
        <name>BuilderType</name>
        <value>
            <stringValue>LightningFlowBuilder</stringValue>
        </value>
    </processMetadataValues>
    <processMetadataValues>
        <name>CanvasMode</name>
        <value>
            <stringValue>AUTO_LAYOUT_CANVAS</stringValue>
        </value>
    </processMetadataValues>
    <processMetadataValues>
        <name>OriginBuilderType</name>
        <value>
            <stringValue>LightningFlowBuilder</stringValue>
        </value>
    </processMetadataValues>
    <processType>AutoLaunchedFlow</processType>
    <recordLookups>
        <name>Get_Contracts</name>
        <label>Get Contracts</label>
        <locationX>182</locationX>
        <locationY>311</locationY>
        <assignNullValuesIfNoRecordsFound>false</assignNullValuesIfNoRecordsFound>
        <connector>
            <targetReference>Is_unit_occupied</targetReference>
        </connector>
        <filterLogic>and</filterLogic>
        <filters>
            <field>Status__c</field>
            <operator>EqualTo</operator>
            <value>
                <stringValue>Approved</stringValue>
            </value>
        </filters>
        <filters>
            <field>Building_Name__c</field>
            <operator>EqualTo</operator>
            <value>
                <elementReference>$Record.Building_Name__c</elementReference>
            </value>
        </filters>
        <filters>
            <field>Flat_No__c</field>
            <operator>EqualTo</operator>
            <value>
                <elementReference>$Record.Flat_No__c</elementReference>
            </value>
        </filters>
        <filters>
            <field>Id</field>
            <operator>NotEqualTo</operator>
            <value>
                <elementReference>$Record.Id</elementReference>
            </value>
        </filters>
        <getFirstRecordOnly>true</getFirstRecordOnly>
        <object>Contract__c</object>
        <storeOutputAutomatically>true</storeOutputAutomatically>
    </recordLookups>
    <recordUpdates>
        <name>Activate_Validation</name>
        <label>Activate Validation</label>
        <locationX>50</locationX>
        <locationY>551</locationY>
        <inputAssignments>
            <field>IsNotVacant__c</field>
            <value>
                <booleanValue>true</booleanValue>
            </value>
        </inputAssignments>
        <inputReference>$Record</inputReference>
    </recordUpdates>
    <start>
        <locationX>56</locationX>
        <locationY>0</locationY>
        <connector>
            <targetReference>Get_Contracts</targetReference>
        </connector>
        <object>Contract__c</object>
        <recordTriggerType>CreateAndUpdate</recordTriggerType>
        <triggerType>RecordBeforeSave</triggerType>
    </start>
    <status>Active</status>
</Flow>
