<?xml version="1.0" encoding="UTF-8"?>
<Flow xmlns="http://soap.sforce.com/2006/04/metadata">
    <actionCalls>
        <name>Submit_for_Approval</name>
        <label>Submit for Approval</label>
        <locationX>176</locationX>
        <locationY>335</locationY>
        <actionName>submit</actionName>
        <actionType>submit</actionType>
        <flowTransactionModel>CurrentTransaction</flowTransactionModel>
        <inputParameters>
            <name>processDefinitionNameOrId</name>
            <value>
                <stringValue>04a5i0000000QaJ</stringValue>
            </value>
        </inputParameters>
        <inputParameters>
            <name>objectId</name>
            <value>
                <elementReference>$Record.Id</elementReference>
            </value>
        </inputParameters>
        <storeOutputAutomatically>true</storeOutputAutomatically>
    </actionCalls>
    <apiVersion>55.0</apiVersion>
    <environments>Default</environments>
    <interviewLabel>Contract: Automatic Approval {!$Flow.CurrentDateTime}</interviewLabel>
    <label>Contract: Automatic Approval</label>
    <processMetadataValues>
        <name>BuilderType</name>
        <value>
            <stringValue>LightningFlowBuilder</stringValue>
        </value>
    </processMetadataValues>
    <processMetadataValues>
        <name>CanvasMode</name>
        <value>
            <stringValue>AUTO_LAYOUT_CANVAS</stringValue>
        </value>
    </processMetadataValues>
    <processMetadataValues>
        <name>OriginBuilderType</name>
        <value>
            <stringValue>LightningFlowBuilder</stringValue>
        </value>
    </processMetadataValues>
    <processType>AutoLaunchedFlow</processType>
    <start>
        <locationX>50</locationX>
        <locationY>0</locationY>
        <connector>
            <targetReference>Submit_for_Approval</targetReference>
        </connector>
        <doesRequireRecordChangedToMeetCriteria>true</doesRequireRecordChangedToMeetCriteria>
        <filterLogic>and</filterLogic>
        <filters>
            <field>Start_Date__c</field>
            <operator>IsNull</operator>
            <value>
                <booleanValue>false</booleanValue>
            </value>
        </filters>
        <filters>
            <field>End_Date__c</field>
            <operator>IsNull</operator>
            <value>
                <booleanValue>false</booleanValue>
            </value>
        </filters>
        <object>Contract__c</object>
        <recordTriggerType>CreateAndUpdate</recordTriggerType>
        <triggerType>RecordAfterSave</triggerType>
    </start>
    <status>Active</status>
</Flow>
