<?xml version="1.0" encoding="UTF-8"?>
<Flow xmlns="http://soap.sforce.com/2006/04/metadata">
    <apiVersion>55.0</apiVersion>
    <assignments>
        <name>Assign_Contract</name>
        <label>Assign Contract</label>
        <locationX>446</locationX>
        <locationY>518</locationY>
        <assignmentItems>
            <assignToReference>ContractToCreate.Building_Name__c</assignToReference>
            <operator>Assign</operator>
            <value>
                <elementReference>Fetch_Unit.Building_Name__r.Name</elementReference>
            </value>
        </assignmentItems>
        <assignmentItems>
            <assignToReference>ContractToCreate.Price__c</assignToReference>
            <operator>Assign</operator>
            <value>
                <elementReference>Fetch_Unit.Price__c</elementReference>
            </value>
        </assignmentItems>
        <assignmentItems>
            <assignToReference>ContractToCreate.Flat_No__c</assignToReference>
            <operator>Assign</operator>
            <value>
                <elementReference>Fetch_Unit.Flat_No__c</elementReference>
            </value>
        </assignmentItems>
        <assignmentItems>
            <assignToReference>ContractToCreate.Tenant__c</assignToReference>
            <operator>Assign</operator>
            <value>
                <elementReference>Fetch_Unit.Contact__c</elementReference>
            </value>
        </assignmentItems>
        <connector>
            <targetReference>Check_Record_Type</targetReference>
        </connector>
    </assignments>
    <assignments>
        <name>Set_Long_Term</name>
        <label>Set Long Term</label>
        <locationX>314</locationX>
        <locationY>758</locationY>
        <assignmentItems>
            <assignToReference>ContractToCreate.RecordTypeId</assignToReference>
            <operator>Assign</operator>
            <value>
                <stringValue>0125i000000DXhgAAG</stringValue>
            </value>
        </assignmentItems>
        <connector>
            <targetReference>Create_Contract</targetReference>
        </connector>
    </assignments>
    <assignments>
        <name>Set_Short_Term</name>
        <label>Set Short Term</label>
        <locationX>578</locationX>
        <locationY>758</locationY>
        <assignmentItems>
            <assignToReference>ContractToCreate.RecordTypeId</assignToReference>
            <operator>Assign</operator>
            <value>
                <stringValue>0125i000000DXj3AAG</stringValue>
            </value>
        </assignmentItems>
        <connector>
            <targetReference>Create_Contract</targetReference>
        </connector>
    </assignments>
    <choices>
        <name>Long_Term</name>
        <choiceText>Long Term</choiceText>
        <dataType>String</dataType>
        <value>
            <stringValue>Long Term</stringValue>
        </value>
    </choices>
    <choices>
        <name>Short_Term</name>
        <choiceText>Short Term</choiceText>
        <dataType>String</dataType>
        <value>
            <stringValue>Short_Term</stringValue>
        </value>
    </choices>
    <decisions>
        <name>Check_Record_Type</name>
        <label>Check Record Type</label>
        <locationX>446</locationX>
        <locationY>638</locationY>
        <defaultConnector>
            <targetReference>Set_Short_Term</targetReference>
        </defaultConnector>
        <defaultConnectorLabel>Short Term</defaultConnectorLabel>
        <rules>
            <name>Long_Term_Type</name>
            <conditionLogic>and</conditionLogic>
            <conditions>
                <leftValueReference>Term</leftValueReference>
                <operator>EqualTo</operator>
                <rightValue>
                    <elementReference>Long_Term</elementReference>
                </rightValue>
            </conditions>
            <connector>
                <targetReference>Set_Long_Term</targetReference>
            </connector>
            <label>Long Term Type</label>
        </rules>
    </decisions>
    <decisions>
        <name>Does_Tenant_Exist</name>
        <label>Does Tenant Exist</label>
        <locationX>248</locationX>
        <locationY>398</locationY>
        <defaultConnector>
            <targetReference>Assign_Contract</targetReference>
        </defaultConnector>
        <defaultConnectorLabel>Tenant Exists</defaultConnectorLabel>
        <rules>
            <name>Tenant_does_not_exist</name>
            <conditionLogic>and</conditionLogic>
            <conditions>
                <leftValueReference>Fetch_Unit.Contact__c</leftValueReference>
                <operator>IsNull</operator>
                <rightValue>
                    <booleanValue>true</booleanValue>
                </rightValue>
            </conditions>
            <connector>
                <targetReference>Error_Screen</targetReference>
            </connector>
            <label>Tenant does not exist</label>
        </rules>
    </decisions>
    <environments>Default</environments>
    <interviewLabel>Create Contract {!$Flow.CurrentDateTime}</interviewLabel>
    <label>Screen Flow: Create Contract</label>
    <processMetadataValues>
        <name>BuilderType</name>
        <value>
            <stringValue>LightningFlowBuilder</stringValue>
        </value>
    </processMetadataValues>
    <processMetadataValues>
        <name>CanvasMode</name>
        <value>
            <stringValue>AUTO_LAYOUT_CANVAS</stringValue>
        </value>
    </processMetadataValues>
    <processMetadataValues>
        <name>OriginBuilderType</name>
        <value>
            <stringValue>LightningFlowBuilder</stringValue>
        </value>
    </processMetadataValues>
    <processType>Flow</processType>
    <recordCreates>
        <name>Create_Contract</name>
        <label>Create Contract</label>
        <locationX>446</locationX>
        <locationY>974</locationY>
        <connector>
            <targetReference>Success</targetReference>
        </connector>
        <faultConnector>
            <targetReference>Error_Occupied</targetReference>
        </faultConnector>
        <inputReference>ContractToCreate</inputReference>
    </recordCreates>
    <recordLookups>
        <name>Fetch_Unit</name>
        <label>Fetch Unit</label>
        <locationX>248</locationX>
        <locationY>278</locationY>
        <assignNullValuesIfNoRecordsFound>false</assignNullValuesIfNoRecordsFound>
        <connector>
            <targetReference>Does_Tenant_Exist</targetReference>
        </connector>
        <filterLogic>and</filterLogic>
        <filters>
            <field>Id</field>
            <operator>EqualTo</operator>
            <value>
                <elementReference>recordID</elementReference>
            </value>
        </filters>
        <getFirstRecordOnly>true</getFirstRecordOnly>
        <object>Unit__c</object>
        <storeOutputAutomatically>true</storeOutputAutomatically>
    </recordLookups>
    <screens>
        <name>Error_Occupied</name>
        <label>Error Occupied</label>
        <locationX>842</locationX>
        <locationY>1094</locationY>
        <allowBack>true</allowBack>
        <allowFinish>false</allowFinish>
        <allowPause>false</allowPause>
        <backButtonLabel>Try Again</backButtonLabel>
        <fields>
            <name>Occupied_Message</name>
            <fieldText>&lt;p&gt;&lt;span style=&quot;color: rgb(255, 0, 0);&quot;&gt;Error: Current unit already has an approved contract&lt;/span&gt;&lt;/p&gt;</fieldText>
            <fieldType>DisplayText</fieldType>
        </fields>
        <showFooter>true</showFooter>
        <showHeader>true</showHeader>
    </screens>
    <screens>
        <name>Error_Screen</name>
        <label>Error Screen</label>
        <locationX>50</locationX>
        <locationY>518</locationY>
        <allowBack>true</allowBack>
        <allowFinish>false</allowFinish>
        <allowPause>false</allowPause>
        <backButtonLabel>Try Again</backButtonLabel>
        <fields>
            <name>Error_Message</name>
            <fieldText>&lt;p&gt;&lt;span style=&quot;color: rgb(255, 0, 0);&quot;&gt;Error: Please add contact first to create contract&lt;/span&gt;&lt;/p&gt;</fieldText>
            <fieldType>DisplayText</fieldType>
        </fields>
        <showFooter>true</showFooter>
        <showHeader>true</showHeader>
    </screens>
    <screens>
        <name>Show_Unit_Details</name>
        <label>Show Unit Details</label>
        <locationX>248</locationX>
        <locationY>158</locationY>
        <allowBack>false</allowBack>
        <allowFinish>true</allowFinish>
        <allowPause>false</allowPause>
        <connector>
            <targetReference>Fetch_Unit</targetReference>
        </connector>
        <fields>
            <name>Term</name>
            <choiceReferences>Short_Term</choiceReferences>
            <choiceReferences>Long_Term</choiceReferences>
            <dataType>String</dataType>
            <fieldText>Term</fieldText>
            <fieldType>DropdownBox</fieldType>
            <isRequired>true</isRequired>
        </fields>
        <nextOrFinishButtonLabel>Create Contract</nextOrFinishButtonLabel>
        <showFooter>true</showFooter>
        <showHeader>true</showHeader>
    </screens>
    <screens>
        <name>Success</name>
        <label>Success</label>
        <locationX>446</locationX>
        <locationY>1094</locationY>
        <allowBack>true</allowBack>
        <allowFinish>false</allowFinish>
        <allowPause>false</allowPause>
        <backButtonLabel>Create New</backButtonLabel>
        <fields>
            <name>Success_Message</name>
            <fieldText>&lt;p&gt;Success: Contract Created&lt;/p&gt;</fieldText>
            <fieldType>DisplayText</fieldType>
        </fields>
        <showFooter>true</showFooter>
        <showHeader>true</showHeader>
    </screens>
    <start>
        <locationX>122</locationX>
        <locationY>0</locationY>
        <connector>
            <targetReference>Show_Unit_Details</targetReference>
        </connector>
    </start>
    <status>Active</status>
    <variables>
        <name>ContractToCreate</name>
        <dataType>SObject</dataType>
        <isCollection>false</isCollection>
        <isInput>false</isInput>
        <isOutput>false</isOutput>
        <objectType>Contract__c</objectType>
    </variables>
    <variables>
        <name>recordID</name>
        <dataType>String</dataType>
        <isCollection>false</isCollection>
        <isInput>true</isInput>
        <isOutput>false</isOutput>
    </variables>
</Flow>
