<?xml version="1.0" encoding="UTF-8"?>
<Flow xmlns="http://soap.sforce.com/2006/04/metadata">
    <apiVersion>55.0</apiVersion>
    <assignments>
        <name>No_Discount</name>
        <label>No Discount</label>
        <locationX>578</locationX>
        <locationY>431</locationY>
        <assignmentItems>
            <assignToReference>$Record.Discount__c</assignToReference>
            <operator>Assign</operator>
            <value>
                <numberValue>0.0</numberValue>
            </value>
        </assignmentItems>
    </assignments>
    <assignments>
        <name>Set_10_Percent_Discount</name>
        <label>Set 10% Discount</label>
        <locationX>314</locationX>
        <locationY>431</locationY>
        <assignmentItems>
            <assignToReference>$Record.Discount__c</assignToReference>
            <operator>Assign</operator>
            <value>
                <numberValue>10.0</numberValue>
            </value>
        </assignmentItems>
    </assignments>
    <assignments>
        <name>Set_20_Discount</name>
        <label>Set 20% Discount</label>
        <locationX>50</locationX>
        <locationY>431</locationY>
        <assignmentItems>
            <assignToReference>$Record.Discount__c</assignToReference>
            <operator>Assign</operator>
            <value>
                <numberValue>20.0</numberValue>
            </value>
        </assignmentItems>
    </assignments>
    <decisions>
        <name>Discount_Implemntation</name>
        <label>Discount Implementation</label>
        <locationX>314</locationX>
        <locationY>311</locationY>
        <defaultConnector>
            <targetReference>No_Discount</targetReference>
        </defaultConnector>
        <defaultConnectorLabel>0% Discount</defaultConnectorLabel>
        <rules>
            <name>X20_Discount</name>
            <conditionLogic>and</conditionLogic>
            <conditions>
                <leftValueReference>$Record.End_Date__c</leftValueReference>
                <operator>GreaterThan</operator>
                <rightValue>
                    <elementReference>DateIn8Years</elementReference>
                </rightValue>
            </conditions>
            <conditions>
                <leftValueReference>$Record.End_Date__c</leftValueReference>
                <operator>LessThanOrEqualTo</operator>
                <rightValue>
                    <elementReference>DateIn10Years</elementReference>
                </rightValue>
            </conditions>
            <connector>
                <targetReference>Set_20_Discount</targetReference>
            </connector>
            <label>20% Discount</label>
        </rules>
        <rules>
            <name>X10_Discount</name>
            <conditionLogic>and</conditionLogic>
            <conditions>
                <leftValueReference>$Record.End_Date__c</leftValueReference>
                <operator>GreaterThan</operator>
                <rightValue>
                    <elementReference>DateIn5Years</elementReference>
                </rightValue>
            </conditions>
            <conditions>
                <leftValueReference>$Record.End_Date__c</leftValueReference>
                <operator>LessThanOrEqualTo</operator>
                <rightValue>
                    <elementReference>DateIn8Years</elementReference>
                </rightValue>
            </conditions>
            <connector>
                <targetReference>Set_10_Percent_Discount</targetReference>
            </connector>
            <label>10% Discount</label>
        </rules>
    </decisions>
    <environments>Default</environments>
    <formulas>
        <name>DateIn10Years</name>
        <dataType>Date</dataType>
        <expression>DATE(YEAR({!$Record.Start_Date__c})+10,MONTH({!$Record.Start_Date__c}),DAY({!$Record.Start_Date__c}))</expression>
    </formulas>
    <formulas>
        <name>DateIn5Years</name>
        <dataType>Date</dataType>
        <expression>DATE(YEAR({!$Record.Start_Date__c})+5,MONTH({!$Record.Start_Date__c}),DAY({!$Record.Start_Date__c}))</expression>
    </formulas>
    <formulas>
        <name>DateIn8Years</name>
        <dataType>Date</dataType>
        <expression>DATE(YEAR({!$Record.Start_Date__c})+8,MONTH({!$Record.Start_Date__c}),DAY({!$Record.Start_Date__c}))</expression>
    </formulas>
    <interviewLabel>Discount Implementation {!$Flow.CurrentDateTime}</interviewLabel>
    <label>Contract: Discount Implementation</label>
    <processMetadataValues>
        <name>BuilderType</name>
        <value>
            <stringValue>LightningFlowBuilder</stringValue>
        </value>
    </processMetadataValues>
    <processMetadataValues>
        <name>CanvasMode</name>
        <value>
            <stringValue>AUTO_LAYOUT_CANVAS</stringValue>
        </value>
    </processMetadataValues>
    <processMetadataValues>
        <name>OriginBuilderType</name>
        <value>
            <stringValue>LightningFlowBuilder</stringValue>
        </value>
    </processMetadataValues>
    <processType>AutoLaunchedFlow</processType>
    <start>
        <locationX>188</locationX>
        <locationY>0</locationY>
        <connector>
            <targetReference>Discount_Implemntation</targetReference>
        </connector>
        <object>Contract__c</object>
        <recordTriggerType>CreateAndUpdate</recordTriggerType>
        <triggerType>RecordBeforeSave</triggerType>
    </start>
    <status>Active</status>
</Flow>
