<?xml version="1.0" encoding="UTF-8"?>
<Flow xmlns="http://soap.sforce.com/2006/04/metadata">
    <apiVersion>55.0</apiVersion>
    <decisions>
        <name>Lease_Expired</name>
        <label>Lease Expired</label>
        <locationX>182</locationX>
        <locationY>276</locationY>
        <defaultConnectorLabel>Has not Expired</defaultConnectorLabel>
        <rules>
            <name>Has_Expired</name>
            <conditionLogic>and</conditionLogic>
            <conditions>
                <leftValueReference>$Record.End_Date__c</leftValueReference>
                <operator>LessThanOrEqualTo</operator>
                <rightValue>
                    <elementReference>$Flow.CurrentDate</elementReference>
                </rightValue>
            </conditions>
            <conditions>
                <leftValueReference>$Record.End_Date__c</leftValueReference>
                <operator>IsNull</operator>
                <rightValue>
                    <booleanValue>false</booleanValue>
                </rightValue>
            </conditions>
            <conditions>
                <leftValueReference>$Record.Start_Date__c</leftValueReference>
                <operator>IsNull</operator>
                <rightValue>
                    <booleanValue>false</booleanValue>
                </rightValue>
            </conditions>
            <connector>
                <targetReference>Set_Expired</targetReference>
            </connector>
            <label>Has Expired</label>
        </rules>
    </decisions>
    <environments>Default</environments>
    <interviewLabel>Set_Expiration {!$Flow.CurrentDateTime}</interviewLabel>
    <label>Contract: Schedule Expiration</label>
    <processMetadataValues>
        <name>BuilderType</name>
        <value>
            <stringValue>LightningFlowBuilder</stringValue>
        </value>
    </processMetadataValues>
    <processMetadataValues>
        <name>CanvasMode</name>
        <value>
            <stringValue>AUTO_LAYOUT_CANVAS</stringValue>
        </value>
    </processMetadataValues>
    <processMetadataValues>
        <name>OriginBuilderType</name>
        <value>
            <stringValue>LightningFlowBuilder</stringValue>
        </value>
    </processMetadataValues>
    <processType>AutoLaunchedFlow</processType>
    <recordUpdates>
        <name>Set_Expired</name>
        <label>Set Expired</label>
        <locationX>50</locationX>
        <locationY>396</locationY>
        <inputAssignments>
            <field>Expired__c</field>
            <value>
                <booleanValue>true</booleanValue>
            </value>
        </inputAssignments>
        <inputReference>$Record</inputReference>
    </recordUpdates>
    <start>
        <locationX>56</locationX>
        <locationY>0</locationY>
        <connector>
            <targetReference>Lease_Expired</targetReference>
        </connector>
        <object>Contract__c</object>
        <schedule>
            <frequency>Daily</frequency>
            <startDate>2022-07-13</startDate>
            <startTime>00:00:00.000Z</startTime>
        </schedule>
        <triggerType>Scheduled</triggerType>
    </start>
    <status>Active</status>
</Flow>
