<?xml version="1.0" encoding="UTF-8"?>
<Flow xmlns="http://soap.sforce.com/2006/04/metadata">
    <apiVersion>55.0</apiVersion>
    <assignments>
        <name>There_is_a_duplicate</name>
        <label>There is a duplicate</label>
        <locationX>50</locationX>
        <locationY>551</locationY>
        <assignmentItems>
            <assignToReference>$Record.IsDuplicate__c</assignToReference>
            <operator>Assign</operator>
            <value>
                <booleanValue>true</booleanValue>
            </value>
        </assignmentItems>
    </assignments>
    <decisions>
        <name>Check_if_exists</name>
        <label>Check if exists</label>
        <locationX>182</locationX>
        <locationY>431</locationY>
        <defaultConnectorLabel>There are not duplicates</defaultConnectorLabel>
        <rules>
            <name>Record_Exists</name>
            <conditionLogic>and</conditionLogic>
            <conditions>
                <leftValueReference>Existing_Units</leftValueReference>
                <operator>IsNull</operator>
                <rightValue>
                    <booleanValue>false</booleanValue>
                </rightValue>
            </conditions>
            <connector>
                <targetReference>There_is_a_duplicate</targetReference>
            </connector>
            <label>There is a duplicate</label>
        </rules>
    </decisions>
    <environments>Default</environments>
    <interviewLabel>Units Duplicate Stopper {!$Flow.CurrentDateTime}</interviewLabel>
    <label>Unit: Duplicate Stopper</label>
    <processMetadataValues>
        <name>BuilderType</name>
        <value>
            <stringValue>LightningFlowBuilder</stringValue>
        </value>
    </processMetadataValues>
    <processMetadataValues>
        <name>CanvasMode</name>
        <value>
            <stringValue>AUTO_LAYOUT_CANVAS</stringValue>
        </value>
    </processMetadataValues>
    <processMetadataValues>
        <name>OriginBuilderType</name>
        <value>
            <stringValue>LightningFlowBuilder</stringValue>
        </value>
    </processMetadataValues>
    <processType>AutoLaunchedFlow</processType>
    <recordLookups>
        <name>Existing_Units</name>
        <label>Existing Units</label>
        <locationX>182</locationX>
        <locationY>311</locationY>
        <assignNullValuesIfNoRecordsFound>false</assignNullValuesIfNoRecordsFound>
        <connector>
            <targetReference>Check_if_exists</targetReference>
        </connector>
        <filterLogic>and</filterLogic>
        <filters>
            <field>Flat_No__c</field>
            <operator>EqualTo</operator>
            <value>
                <elementReference>$Record.Flat_No__c</elementReference>
            </value>
        </filters>
        <filters>
            <field>Floor__c</field>
            <operator>EqualTo</operator>
            <value>
                <elementReference>$Record.Floor__c</elementReference>
            </value>
        </filters>
        <filters>
            <field>Building_Name__c</field>
            <operator>EqualTo</operator>
            <value>
                <elementReference>$Record.Building_Name__c</elementReference>
            </value>
        </filters>
        <filters>
            <field>Id</field>
            <operator>NotEqualTo</operator>
            <value>
                <elementReference>$Record.Id</elementReference>
            </value>
        </filters>
        <getFirstRecordOnly>true</getFirstRecordOnly>
        <object>Unit__c</object>
        <storeOutputAutomatically>true</storeOutputAutomatically>
    </recordLookups>
    <start>
        <locationX>56</locationX>
        <locationY>0</locationY>
        <connector>
            <targetReference>Existing_Units</targetReference>
        </connector>
        <object>Unit__c</object>
        <recordTriggerType>CreateAndUpdate</recordTriggerType>
        <triggerType>RecordBeforeSave</triggerType>
    </start>
    <status>Active</status>
</Flow>
