<?xml version="1.0" encoding="UTF-8"?>
<SharingRules xmlns="http://soap.sforce.com/2006/04/metadata">
    <sharingOwnerRules>
        <fullName>Contract_Sharing_Zone_1</fullName>
        <accessLevel>Edit</accessLevel>
        <label>Contract Sharing Zone 1</label>
        <sharedTo>
            <group>Zone_1</group>
        </sharedTo>
        <sharedFrom>
            <group>Zone_1</group>
        </sharedFrom>
    </sharingOwnerRules>
    <sharingOwnerRules>
        <fullName>Contract_Sharing_Zone_2</fullName>
        <accessLevel>Edit</accessLevel>
        <label>Contract Sharing Zone 2</label>
        <sharedTo>
            <group>Zone_2</group>
        </sharedTo>
        <sharedFrom>
            <group>Zone_2</group>
        </sharedFrom>
    </sharingOwnerRules>
</SharingRules>
