{
  "status": 0,
  "result": [
    {
      "createdById": "0055i000003UsYsAAK",
      "createdByName": "Tyrone Luluquisin",
      "createdDate": "2022-07-08T07:30:22.000Z",
      "fileName": "classes/OpenQuoteController.cls",
      "fullName": "OpenQuoteController",
      "id": "01p5i00000Bo1itAAB",
      "lastModifiedById": "0055i000003UsYsAAK",
      "lastModifiedByName": "Tyrone Luluquisin",
      "lastModifiedDate": "2022-07-12T02:22:35.000Z",
      "manageableState": "unmanaged",
      "type": "ApexClass"
    },
    {
      "createdById": "0055i000003UsYsAAK",
      "createdByName": "Tyrone Luluquisin",
      "createdDate": "2022-07-22T02:50:45.000Z",
      "fileName": "classes/TestDataFactory.cls",
      "fullName": "TestDataFactory",
      "id": "01p5i00000CzRaOAAV",
      "lastModifiedById": "0055i000003UsYsAAK",
      "lastModifiedByName": "Tyrone Luluquisin",
      "lastModifiedDate": "2022-07-22T03:44:54.000Z",
      "manageableState": "unmanaged",
      "type": "ApexClass"
    },
    {
      "createdById": "0055i000003UsYsAAK",
      "createdByName": "Tyrone Luluquisin",
      "createdDate": "2022-07-12T01:59:29.000Z",
      "fileName": "classes/PropertySearch.cls",
      "fullName": "PropertySearch",
      "id": "01p5i00000BpMfbAAF",
      "lastModifiedById": "0055i000003UsYsAAK",
      "lastModifiedByName": "Tyrone Luluquisin",
      "lastModifiedDate": "2022-07-12T02:22:35.000Z",
      "manageableState": "unmanaged",
      "type": "ApexClass"
    },
    {
      "createdById": "0055i000003UsYsAAK",
      "createdByName": "Tyrone Luluquisin",
      "createdDate": "2022-07-12T06:27:54.000Z",
      "fileName": "classes/CustomerSearch.cls",
      "fullName": "CustomerSearch",
      "id": "01p5i00000BpWSAAA3",
      "lastModifiedById": "0055i000003UsYsAAK",
      "lastModifiedByName": "Tyrone Luluquisin",
      "lastModifiedDate": "2022-07-12T06:27:54.000Z",
      "manageableState": "unmanaged",
      "type": "ApexClass"
    },
    {
      "createdById": "0055i000003UsYsAAK",
      "createdByName": "Tyrone Luluquisin",
      "createdDate": "2022-07-22T02:52:28.000Z",
      "fileName": "classes/TestTriggers.cls",
      "fullName": "TestTriggers",
      "id": "01p5i00000CzRaTAAV",
      "lastModifiedById": "0055i000003UsYsAAK",
      "lastModifiedByName": "Tyrone Luluquisin",
      "lastModifiedDate": "2022-07-22T04:04:59.000Z",
      "manageableState": "unmanaged",
      "type": "ApexClass"
    },
    {
      "createdById": "0055i000003UsYsAAK",
      "createdByName": "Tyrone Luluquisin",
      "createdDate": "2022-07-13T09:58:43.000Z",
      "fileName": "classes/PropertyBookingSearch.cls",
      "fullName": "PropertyBookingSearch",
      "id": "01p5i00000BqEncAAF",
      "lastModifiedById": "0055i000003UsYsAAK",
      "lastModifiedByName": "Tyrone Luluquisin",
      "lastModifiedDate": "2022-07-13T09:58:43.000Z",
      "manageableState": "unmanaged",
      "type": "ApexClass"
    },
    {
      "createdById": "0055i000003UsYsAAK",
      "createdByName": "Tyrone Luluquisin",
      "createdDate": "2022-07-12T06:44:19.000Z",
      "fileName": "classes/QuotationSearch.cls",
      "fullName": "QuotationSearch",
      "id": "01p5i00000BpXRvAAN",
      "lastModifiedById": "0055i000003UsYsAAK",
      "lastModifiedByName": "Tyrone Luluquisin",
      "lastModifiedDate": "2022-07-12T07:17:20.000Z",
      "manageableState": "unmanaged",
      "type": "ApexClass"
    }
  ]
}