<?xml version="1.0" encoding="UTF-8"?>
<Profile xmlns="http://soap.sforce.com/2006/04/metadata">
    <classAccesses>
        <apexClass>RecordsApproval</apexClass>
        <enabled>false</enabled>
    </classAccesses>
    <classAccesses>
        <apexClass>SearchRecords</apexClass>
        <enabled>false</enabled>
    </classAccesses>
    <classAccesses>
        <apexClass>UpdateRecords</apexClass>
        <enabled>false</enabled>
    </classAccesses>
    <classAccesses>
        <apexClass>UserChecker</apexClass>
        <enabled>false</enabled>
    </classAccesses>
    <custom>false</custom>
    <fieldPermissions>
        <editable>false</editable>
        <field>Car_Booking__c.Account__c</field>
        <readable>false</readable>
    </fieldPermissions>
    <fieldPermissions>
        <editable>false</editable>
        <field>Car_Booking__c.Base_Price__c</field>
        <readable>false</readable>
    </fieldPermissions>
    <fieldPermissions>
        <editable>false</editable>
        <field>Car_Booking__c.Price_Paid__c</field>
        <readable>false</readable>
    </fieldPermissions>
    <fieldPermissions>
        <editable>false</editable>
        <field>Car_Booking__c.Quantity__c</field>
        <readable>false</readable>
    </fieldPermissions>
    <fieldPermissions>
        <editable>false</editable>
        <field>Car_Booking__c.Stage__c</field>
        <readable>false</readable>
    </fieldPermissions>
    <fieldPermissions>
        <editable>false</editable>
        <field>Car_Booking__c.Total_Customization_Cost__c</field>
        <readable>false</readable>
    </fieldPermissions>
    <fieldPermissions>
        <editable>false</editable>
        <field>Car_Booking__c.Total_Price__c</field>
        <readable>false</readable>
    </fieldPermissions>
    <fieldPermissions>
        <editable>false</editable>
        <field>Car_Customization__c.Price__c</field>
        <readable>false</readable>
    </fieldPermissions>
    <fieldPermissions>
        <editable>false</editable>
        <field>Car_Customization__c.Specifications__c</field>
        <readable>false</readable>
    </fieldPermissions>
    <fieldPermissions>
        <editable>false</editable>
        <field>Car_Customization__c.Type__c</field>
        <readable>false</readable>
    </fieldPermissions>
    <fieldPermissions>
        <editable>false</editable>
        <field>Car_Model__c.Campaign__c</field>
        <readable>false</readable>
    </fieldPermissions>
    <fieldPermissions>
        <editable>false</editable>
        <field>Car_Model__c.Description__c</field>
        <readable>false</readable>
    </fieldPermissions>
    <fieldPermissions>
        <editable>false</editable>
        <field>Car_Model__c.Price__c</field>
        <readable>false</readable>
    </fieldPermissions>
    <fieldPermissions>
        <editable>false</editable>
        <field>Car_Model__c.Stage__c</field>
        <readable>false</readable>
    </fieldPermissions>
    <fieldPermissions>
        <editable>false</editable>
        <field>Car_Model__c.Total_Revenue__c</field>
        <readable>false</readable>
    </fieldPermissions>
    <fieldPermissions>
        <editable>false</editable>
        <field>Car__c.Car_Models_Manufactured__c</field>
        <readable>false</readable>
    </fieldPermissions>
    <fieldPermissions>
        <editable>false</editable>
        <field>Car__c.Car_Models_Ready_to_Launch__c</field>
        <readable>false</readable>
    </fieldPermissions>
    <fieldPermissions>
        <editable>false</editable>
        <field>Car__c.Description__c</field>
        <readable>false</readable>
    </fieldPermissions>
    <fieldPermissions>
        <editable>false</editable>
        <field>Car__c.Models_in_Manufacturing__c</field>
        <readable>false</readable>
    </fieldPermissions>
    <fieldPermissions>
        <editable>false</editable>
        <field>Car__c.Number_of_Car_Models__c</field>
        <readable>false</readable>
    </fieldPermissions>
    <fieldPermissions>
        <editable>false</editable>
        <field>Car__c.Total_Revenue__c</field>
        <readable>false</readable>
    </fieldPermissions>
    <userLicense>Silver Partner</userLicense>
    <userPermissions>
        <enabled>true</enabled>
        <name>ActivitiesAccess</name>
    </userPermissions>
    <userPermissions>
        <enabled>true</enabled>
        <name>AddDirectMessageMembers</name>
    </userPermissions>
    <userPermissions>
        <enabled>true</enabled>
        <name>AssignTopics</name>
    </userPermissions>
    <userPermissions>
        <enabled>true</enabled>
        <name>ChatterOwnGroups</name>
    </userPermissions>
    <userPermissions>
        <enabled>true</enabled>
        <name>ContentWorkspaces</name>
    </userPermissions>
    <userPermissions>
        <enabled>true</enabled>
        <name>EditTask</name>
    </userPermissions>
    <userPermissions>
        <enabled>true</enabled>
        <name>EnableCommunityAppLauncher</name>
    </userPermissions>
    <userPermissions>
        <enabled>true</enabled>
        <name>EnableNotifications</name>
    </userPermissions>
    <userPermissions>
        <enabled>true</enabled>
        <name>IPRestrictRequests</name>
    </userPermissions>
    <userPermissions>
        <enabled>true</enabled>
        <name>RemoveDirectMessageMembers</name>
    </userPermissions>
    <userPermissions>
        <enabled>true</enabled>
        <name>RunReports</name>
    </userPermissions>
    <userPermissions>
        <enabled>true</enabled>
        <name>SelectFilesFromSalesforce</name>
    </userPermissions>
    <userPermissions>
        <enabled>true</enabled>
        <name>ShowCompanyNameAsUserBadge</name>
    </userPermissions>
    <userPermissions>
        <enabled>true</enabled>
        <name>UseWebLink</name>
    </userPermissions>
    <userPermissions>
        <enabled>true</enabled>
        <name>WorkDotComUserPerm</name>
    </userPermissions>
</Profile>
