<?xml version="1.0" encoding="UTF-8"?>
<Profile xmlns="http://soap.sforce.com/2006/04/metadata">
    <classAccesses>
        <apexClass>RecordsApproval</apexClass>
        <enabled>false</enabled>
    </classAccesses>
    <classAccesses>
        <apexClass>SearchRecords</apexClass>
        <enabled>false</enabled>
    </classAccesses>
    <classAccesses>
        <apexClass>UpdateRecords</apexClass>
        <enabled>false</enabled>
    </classAccesses>
    <classAccesses>
        <apexClass>UserChecker</apexClass>
        <enabled>false</enabled>
    </classAccesses>
    <custom>false</custom>
    <fieldPermissions>
        <editable>true</editable>
        <field>Car_Booking__c.Account__c</field>
        <readable>true</readable>
    </fieldPermissions>
    <fieldPermissions>
        <editable>false</editable>
        <field>Car_Booking__c.Base_Price__c</field>
        <readable>true</readable>
    </fieldPermissions>
    <fieldPermissions>
        <editable>true</editable>
        <field>Car_Booking__c.Price_Paid__c</field>
        <readable>true</readable>
    </fieldPermissions>
    <fieldPermissions>
        <editable>true</editable>
        <field>Car_Booking__c.Quantity__c</field>
        <readable>true</readable>
    </fieldPermissions>
    <fieldPermissions>
        <editable>true</editable>
        <field>Car_Booking__c.Stage__c</field>
        <readable>true</readable>
    </fieldPermissions>
    <fieldPermissions>
        <editable>false</editable>
        <field>Car_Booking__c.Total_Customization_Cost__c</field>
        <readable>true</readable>
    </fieldPermissions>
    <fieldPermissions>
        <editable>false</editable>
        <field>Car_Booking__c.Total_Price__c</field>
        <readable>true</readable>
    </fieldPermissions>
    <fieldPermissions>
        <editable>true</editable>
        <field>Car_Customization__c.Price__c</field>
        <readable>true</readable>
    </fieldPermissions>
    <fieldPermissions>
        <editable>true</editable>
        <field>Car_Customization__c.Specifications__c</field>
        <readable>true</readable>
    </fieldPermissions>
    <fieldPermissions>
        <editable>true</editable>
        <field>Car_Customization__c.Type__c</field>
        <readable>true</readable>
    </fieldPermissions>
    <fieldPermissions>
        <editable>true</editable>
        <field>Car_Model__c.Campaign__c</field>
        <readable>true</readable>
    </fieldPermissions>
    <fieldPermissions>
        <editable>true</editable>
        <field>Car_Model__c.Description__c</field>
        <readable>true</readable>
    </fieldPermissions>
    <fieldPermissions>
        <editable>true</editable>
        <field>Car_Model__c.Price__c</field>
        <readable>true</readable>
    </fieldPermissions>
    <fieldPermissions>
        <editable>true</editable>
        <field>Car_Model__c.Stage__c</field>
        <readable>true</readable>
    </fieldPermissions>
    <fieldPermissions>
        <editable>false</editable>
        <field>Car_Model__c.Total_Revenue__c</field>
        <readable>true</readable>
    </fieldPermissions>
    <fieldPermissions>
        <editable>false</editable>
        <field>Car__c.Car_Models_Manufactured__c</field>
        <readable>true</readable>
    </fieldPermissions>
    <fieldPermissions>
        <editable>false</editable>
        <field>Car__c.Car_Models_Ready_to_Launch__c</field>
        <readable>true</readable>
    </fieldPermissions>
    <fieldPermissions>
        <editable>true</editable>
        <field>Car__c.Description__c</field>
        <readable>true</readable>
    </fieldPermissions>
    <fieldPermissions>
        <editable>false</editable>
        <field>Car__c.Models_in_Manufacturing__c</field>
        <readable>true</readable>
    </fieldPermissions>
    <fieldPermissions>
        <editable>false</editable>
        <field>Car__c.Number_of_Car_Models__c</field>
        <readable>true</readable>
    </fieldPermissions>
    <fieldPermissions>
        <editable>false</editable>
        <field>Car__c.Total_Revenue__c</field>
        <readable>true</readable>
    </fieldPermissions>
    <userLicense>Salesforce</userLicense>
    <userPermissions>
        <enabled>true</enabled>
        <name>ActivitiesAccess</name>
    </userPermissions>
    <userPermissions>
        <enabled>true</enabled>
        <name>AddDirectMessageMembers</name>
    </userPermissions>
    <userPermissions>
        <enabled>true</enabled>
        <name>AllowUniversalSearch</name>
    </userPermissions>
    <userPermissions>
        <enabled>true</enabled>
        <name>AllowViewKnowledge</name>
    </userPermissions>
    <userPermissions>
        <enabled>true</enabled>
        <name>ApexRestServices</name>
    </userPermissions>
    <userPermissions>
        <enabled>true</enabled>
        <name>ApiEnabled</name>
    </userPermissions>
    <userPermissions>
        <enabled>true</enabled>
        <name>AssignTopics</name>
    </userPermissions>
    <userPermissions>
        <enabled>true</enabled>
        <name>CanAccessCE</name>
    </userPermissions>
    <userPermissions>
        <enabled>true</enabled>
        <name>ChatterEditOwnPost</name>
    </userPermissions>
    <userPermissions>
        <enabled>true</enabled>
        <name>ChatterFileLink</name>
    </userPermissions>
    <userPermissions>
        <enabled>true</enabled>
        <name>ChatterInternalUser</name>
    </userPermissions>
    <userPermissions>
        <enabled>true</enabled>
        <name>ChatterInviteExternalUsers</name>
    </userPermissions>
    <userPermissions>
        <enabled>true</enabled>
        <name>ChatterOwnGroups</name>
    </userPermissions>
    <userPermissions>
        <enabled>true</enabled>
        <name>ContentWorkspaces</name>
    </userPermissions>
    <userPermissions>
        <enabled>true</enabled>
        <name>ConvertLeads</name>
    </userPermissions>
    <userPermissions>
        <enabled>true</enabled>
        <name>CreateCustomizeFilters</name>
    </userPermissions>
    <userPermissions>
        <enabled>true</enabled>
        <name>CreateCustomizeReports</name>
    </userPermissions>
    <userPermissions>
        <enabled>true</enabled>
        <name>CreateTopics</name>
    </userPermissions>
    <userPermissions>
        <enabled>true</enabled>
        <name>DistributeFromPersWksp</name>
    </userPermissions>
    <userPermissions>
        <enabled>true</enabled>
        <name>EditEvent</name>
    </userPermissions>
    <userPermissions>
        <enabled>true</enabled>
        <name>EditOppLineItemUnitPrice</name>
    </userPermissions>
    <userPermissions>
        <enabled>true</enabled>
        <name>EditTask</name>
    </userPermissions>
    <userPermissions>
        <enabled>true</enabled>
        <name>EditTopics</name>
    </userPermissions>
    <userPermissions>
        <enabled>true</enabled>
        <name>EmailMass</name>
    </userPermissions>
    <userPermissions>
        <enabled>true</enabled>
        <name>EmailSingle</name>
    </userPermissions>
    <userPermissions>
        <enabled>true</enabled>
        <name>EnableCommunityAppLauncher</name>
    </userPermissions>
    <userPermissions>
        <enabled>true</enabled>
        <name>EnableNotifications</name>
    </userPermissions>
    <userPermissions>
        <enabled>true</enabled>
        <name>ExportReport</name>
    </userPermissions>
    <userPermissions>
        <enabled>true</enabled>
        <name>ImportPersonal</name>
    </userPermissions>
    <userPermissions>
        <enabled>true</enabled>
        <name>LightningConsoleAllowedForUser</name>
    </userPermissions>
    <userPermissions>
        <enabled>true</enabled>
        <name>LightningExperienceUser</name>
    </userPermissions>
    <userPermissions>
        <enabled>true</enabled>
        <name>ListEmailSend</name>
    </userPermissions>
    <userPermissions>
        <enabled>true</enabled>
        <name>MassInlineEdit</name>
    </userPermissions>
    <userPermissions>
        <enabled>true</enabled>
        <name>RemoveDirectMessageMembers</name>
    </userPermissions>
    <userPermissions>
        <enabled>true</enabled>
        <name>RunReports</name>
    </userPermissions>
    <userPermissions>
        <enabled>true</enabled>
        <name>SelectFilesFromSalesforce</name>
    </userPermissions>
    <userPermissions>
        <enabled>true</enabled>
        <name>SendSitRequests</name>
    </userPermissions>
    <userPermissions>
        <enabled>true</enabled>
        <name>ShowCompanyNameAsUserBadge</name>
    </userPermissions>
    <userPermissions>
        <enabled>true</enabled>
        <name>SubmitMacrosAllowed</name>
    </userPermissions>
    <userPermissions>
        <enabled>true</enabled>
        <name>SubscribeToLightningReports</name>
    </userPermissions>
    <userPermissions>
        <enabled>true</enabled>
        <name>TransactionalEmailSend</name>
    </userPermissions>
    <userPermissions>
        <enabled>true</enabled>
        <name>UseWebLink</name>
    </userPermissions>
    <userPermissions>
        <enabled>true</enabled>
        <name>ViewDeveloperName</name>
    </userPermissions>
    <userPermissions>
        <enabled>true</enabled>
        <name>ViewHelpLink</name>
    </userPermissions>
    <userPermissions>
        <enabled>true</enabled>
        <name>ViewRoles</name>
    </userPermissions>
    <userPermissions>
        <enabled>true</enabled>
        <name>ViewSetup</name>
    </userPermissions>
</Profile>
