<?xml version="1.0" encoding="UTF-8"?>
<CustomField xmlns="http://soap.sforce.com/2006/04/metadata">
    <fullName>Violation_Type__c</fullName>
    <externalId>false</externalId>
    <label>Violation Type</label>
    <required>false</required>
    <trackHistory>false</trackHistory>
    <trackTrending>false</trackTrending>
    <type>Picklist</type>
    <valueSet>
        <restricted>true</restricted>
        <valueSetDefinition>
            <sorted>false</sorted>
            <value>
                <fullName>Bullying</fullName>
                <default>false</default>
                <label>Bullying</label>
            </value>
            <value>
                <fullName>Cheating</fullName>
                <default>false</default>
                <label>Cheating</label>
            </value>
            <value>
                <fullName>Cutting Class</fullName>
                <default>false</default>
                <label>Cutting Class</label>
            </value>
        </valueSetDefinition>
    </valueSet>
</CustomField>
