<?xml version="1.0" encoding="UTF-8"?>
<RecordType xmlns="http://soap.sforce.com/2006/04/metadata">
    <fullName>Default</fullName>
    <active>true</active>
    <label>Default</label>
    <picklistValues>
        <picklist>Flat_Type__c</picklist>
        <values>
            <fullName>1BHK</fullName>
            <default>false</default>
        </values>
        <values>
            <fullName>2BHK</fullName>
            <default>false</default>
        </values>
        <values>
            <fullName>3BHK</fullName>
            <default>false</default>
        </values>
        <values>
            <fullName>4BHK</fullName>
            <default>false</default>
        </values>
    </picklistValues>
</RecordType>
