<?xml version="1.0" encoding="UTF-8"?>
<Flow xmlns="http://soap.sforce.com/2006/04/metadata">
    <apiVersion>55.0</apiVersion>
    <environments>Default</environments>
    <interviewLabel>Certification Request: Voucher Change {!$Flow.CurrentDateTime}</interviewLabel>
    <label>Certification Request: Voucher Change</label>
    <processMetadataValues>
        <name>BuilderType</name>
        <value>
            <stringValue>LightningFlowBuilder</stringValue>
        </value>
    </processMetadataValues>
    <processMetadataValues>
        <name>CanvasMode</name>
        <value>
            <stringValue>AUTO_LAYOUT_CANVAS</stringValue>
        </value>
    </processMetadataValues>
    <processMetadataValues>
        <name>OriginBuilderType</name>
        <value>
            <stringValue>LightningFlowBuilder</stringValue>
        </value>
    </processMetadataValues>
    <processType>AutoLaunchedFlow</processType>
    <recordUpdates>
        <name>ChangeNewVoucher</name>
        <label>ChangeNewVoucher</label>
        <locationX>176</locationX>
        <locationY>455</locationY>
        <filterLogic>and</filterLogic>
        <filters>
            <field>Id</field>
            <operator>EqualTo</operator>
            <value>
                <elementReference>$Record.Voucher__r.Id</elementReference>
            </value>
        </filters>
        <inputAssignments>
            <field>IsTaken__c</field>
            <value>
                <booleanValue>true</booleanValue>
            </value>
        </inputAssignments>
        <object>Voucher__c</object>
    </recordUpdates>
    <recordUpdates>
        <name>ChangeOldVoucher</name>
        <label>ChangeOldVoucher</label>
        <locationX>176</locationX>
        <locationY>335</locationY>
        <connector>
            <targetReference>ChangeNewVoucher</targetReference>
        </connector>
        <filterLogic>and</filterLogic>
        <filters>
            <field>Id</field>
            <operator>EqualTo</operator>
            <value>
                <elementReference>$Record__Prior.Voucher__r.Id</elementReference>
            </value>
        </filters>
        <inputAssignments>
            <field>IsTaken__c</field>
            <value>
                <booleanValue>false</booleanValue>
            </value>
        </inputAssignments>
        <object>Voucher__c</object>
    </recordUpdates>
    <start>
        <locationX>50</locationX>
        <locationY>0</locationY>
        <connector>
            <targetReference>ChangeOldVoucher</targetReference>
        </connector>
        <filterLogic>and</filterLogic>
        <filters>
            <field>Voucher__c</field>
            <operator>IsChanged</operator>
            <value>
                <booleanValue>true</booleanValue>
            </value>
        </filters>
        <object>Certification_Request__c</object>
        <recordTriggerType>Update</recordTriggerType>
        <triggerType>RecordAfterSave</triggerType>
    </start>
    <status>Active</status>
</Flow>
