<?xml version="1.0" encoding="UTF-8"?>
<Flow xmlns="http://soap.sforce.com/2006/04/metadata">
    <apiVersion>55.0</apiVersion>
    <decisions>
        <name>Is_duplicate</name>
        <label>Is duplicate?</label>
        <locationX>182</locationX>
        <locationY>431</locationY>
        <defaultConnectorLabel>Not Duplicate</defaultConnectorLabel>
        <rules>
            <name>Duplicate</name>
            <conditionLogic>and</conditionLogic>
            <conditions>
                <leftValueReference>Get_Duplicate</leftValueReference>
                <operator>IsNull</operator>
                <rightValue>
                    <booleanValue>false</booleanValue>
                </rightValue>
            </conditions>
            <connector>
                <targetReference>Active_Validation</targetReference>
            </connector>
            <label>Duplicate</label>
        </rules>
    </decisions>
    <environments>Default</environments>
    <interviewLabel>Certification Request: Duplicate {!$Flow.CurrentDateTime}</interviewLabel>
    <label>Certification Request: Duplicate</label>
    <processMetadataValues>
        <name>BuilderType</name>
        <value>
            <stringValue>LightningFlowBuilder</stringValue>
        </value>
    </processMetadataValues>
    <processMetadataValues>
        <name>CanvasMode</name>
        <value>
            <stringValue>AUTO_LAYOUT_CANVAS</stringValue>
        </value>
    </processMetadataValues>
    <processMetadataValues>
        <name>OriginBuilderType</name>
        <value>
            <stringValue>LightningFlowBuilder</stringValue>
        </value>
    </processMetadataValues>
    <processType>AutoLaunchedFlow</processType>
    <recordLookups>
        <name>Get_Duplicate</name>
        <label>Get_Duplicate</label>
        <locationX>182</locationX>
        <locationY>311</locationY>
        <assignNullValuesIfNoRecordsFound>false</assignNullValuesIfNoRecordsFound>
        <connector>
            <targetReference>Is_duplicate</targetReference>
        </connector>
        <filterLogic>and</filterLogic>
        <filters>
            <field>Certification__c</field>
            <operator>EqualTo</operator>
            <value>
                <elementReference>$Record.Certification__c</elementReference>
            </value>
        </filters>
        <filters>
            <field>Employee__c</field>
            <operator>EqualTo</operator>
            <value>
                <elementReference>$Record.Employee__c</elementReference>
            </value>
        </filters>
        <filters>
            <field>Due_Date__c</field>
            <operator>EqualTo</operator>
            <value>
                <elementReference>$Record.Due_Date__c</elementReference>
            </value>
        </filters>
        <filters>
            <field>Status__c</field>
            <operator>EqualTo</operator>
            <value>
                <elementReference>$Record.Status__c</elementReference>
            </value>
        </filters>
        <getFirstRecordOnly>true</getFirstRecordOnly>
        <object>Certification_Request__c</object>
        <storeOutputAutomatically>true</storeOutputAutomatically>
    </recordLookups>
    <recordUpdates>
        <name>Active_Validation</name>
        <label>Active Validation</label>
        <locationX>50</locationX>
        <locationY>551</locationY>
        <inputAssignments>
            <field>Is_Duplicate__c</field>
            <value>
                <booleanValue>true</booleanValue>
            </value>
        </inputAssignments>
        <inputReference>$Record</inputReference>
    </recordUpdates>
    <start>
        <locationX>56</locationX>
        <locationY>0</locationY>
        <connector>
            <targetReference>Get_Duplicate</targetReference>
        </connector>
        <object>Certification_Request__c</object>
        <recordTriggerType>Create</recordTriggerType>
        <triggerType>RecordBeforeSave</triggerType>
    </start>
    <status>Active</status>
</Flow>
