<?xml version="1.0" encoding="UTF-8"?>
<Flow xmlns="http://soap.sforce.com/2006/04/metadata">
    <apiVersion>55.0</apiVersion>
    <decisions>
        <name>Is_this_request_pending</name>
        <label>Is this request pending</label>
        <locationX>396</locationX>
        <locationY>551</locationY>
        <defaultConnector>
            <targetReference>Check_Records</targetReference>
        </defaultConnector>
        <defaultConnectorLabel>Request is not Pending</defaultConnectorLabel>
        <rules>
            <name>Request_is_pending</name>
            <conditionLogic>or</conditionLogic>
            <conditions>
                <leftValueReference>Check_Records.Status__c</leftValueReference>
                <operator>EqualTo</operator>
                <rightValue>
                    <stringValue>Draft</stringValue>
                </rightValue>
            </conditions>
            <conditions>
                <leftValueReference>Check_Records.Status__c</leftValueReference>
                <operator>EqualTo</operator>
                <rightValue>
                    <stringValue>Approved</stringValue>
                </rightValue>
            </conditions>
            <conditions>
                <leftValueReference>Check_Records.Status__c</leftValueReference>
                <operator>EqualTo</operator>
                <rightValue>
                    <stringValue>Sent for Approval</stringValue>
                </rightValue>
            </conditions>
            <conditions>
                <leftValueReference>Check_Records.Status__c</leftValueReference>
                <operator>EqualTo</operator>
            </conditions>
            <connector>
                <targetReference>Activate_Validation</targetReference>
            </connector>
            <label>Request is pending</label>
        </rules>
    </decisions>
    <environments>Default</environments>
    <interviewLabel>Certificate Request: Pending Employee {!$Flow.CurrentDateTime}</interviewLabel>
    <label>Certificate Request: Pending Employee</label>
    <loops>
        <name>Check_Records</name>
        <label>Check Records</label>
        <locationX>176</locationX>
        <locationY>431</locationY>
        <collectionReference>Get_Employee_Request</collectionReference>
        <iterationOrder>Asc</iterationOrder>
        <nextValueConnector>
            <targetReference>Is_this_request_pending</targetReference>
        </nextValueConnector>
    </loops>
    <processMetadataValues>
        <name>BuilderType</name>
        <value>
            <stringValue>LightningFlowBuilder</stringValue>
        </value>
    </processMetadataValues>
    <processMetadataValues>
        <name>CanvasMode</name>
        <value>
            <stringValue>AUTO_LAYOUT_CANVAS</stringValue>
        </value>
    </processMetadataValues>
    <processMetadataValues>
        <name>OriginBuilderType</name>
        <value>
            <stringValue>LightningFlowBuilder</stringValue>
        </value>
    </processMetadataValues>
    <processType>AutoLaunchedFlow</processType>
    <recordLookups>
        <name>Get_Employee_Request</name>
        <label>Get Employee Requests</label>
        <locationX>176</locationX>
        <locationY>311</locationY>
        <assignNullValuesIfNoRecordsFound>false</assignNullValuesIfNoRecordsFound>
        <connector>
            <targetReference>Check_Records</targetReference>
        </connector>
        <filterLogic>and</filterLogic>
        <filters>
            <field>Employee__c</field>
            <operator>EqualTo</operator>
            <value>
                <elementReference>$Record.Employee__c</elementReference>
            </value>
        </filters>
        <getFirstRecordOnly>false</getFirstRecordOnly>
        <object>Certification_Request__c</object>
        <storeOutputAutomatically>true</storeOutputAutomatically>
    </recordLookups>
    <recordUpdates>
        <name>Activate_Validation</name>
        <label>Activate Validation</label>
        <locationX>264</locationX>
        <locationY>671</locationY>
        <inputAssignments>
            <field>Is_Pending_Employee__c</field>
            <value>
                <booleanValue>true</booleanValue>
            </value>
        </inputAssignments>
        <inputReference>$Record</inputReference>
    </recordUpdates>
    <start>
        <locationX>50</locationX>
        <locationY>0</locationY>
        <connector>
            <targetReference>Get_Employee_Request</targetReference>
        </connector>
        <object>Certification_Request__c</object>
        <recordTriggerType>Create</recordTriggerType>
        <triggerType>RecordBeforeSave</triggerType>
    </start>
    <status>Active</status>
</Flow>
