<?xml version="1.0" encoding="UTF-8"?>
<Flow xmlns="http://soap.sforce.com/2006/04/metadata">
    <apiVersion>55.0</apiVersion>
    <decisions>
        <name>Is_Passed_or_Failed</name>
        <label>Is Passed or Failed</label>
        <locationX>396</locationX>
        <locationY>551</locationY>
        <defaultConnector>
            <targetReference>Check_Records</targetReference>
        </defaultConnector>
        <defaultConnectorLabel>has not Passed or Failed</defaultConnectorLabel>
        <rules>
            <name>has_Passed_or_Failed</name>
            <conditionLogic>or</conditionLogic>
            <conditions>
                <leftValueReference>Check_Records.Status__c</leftValueReference>
                <operator>EqualTo</operator>
                <rightValue>
                    <stringValue>Passed</stringValue>
                </rightValue>
            </conditions>
            <conditions>
                <leftValueReference>Check_Records.Status__c</leftValueReference>
                <operator>EqualTo</operator>
                <rightValue>
                    <stringValue>Failed</stringValue>
                </rightValue>
            </conditions>
            <connector>
                <targetReference>Activate_Validation</targetReference>
            </connector>
            <label>has Passed or Failed</label>
        </rules>
    </decisions>
    <environments>Default</environments>
    <interviewLabel>Certificate Request: Passed or Failed {!$Flow.CurrentDateTime}</interviewLabel>
    <label>Certificate Request: Passed or Failed</label>
    <loops>
        <name>Check_Records</name>
        <label>Check Records</label>
        <locationX>176</locationX>
        <locationY>431</locationY>
        <collectionReference>Get_Existing_Certificate_Request</collectionReference>
        <iterationOrder>Asc</iterationOrder>
        <nextValueConnector>
            <targetReference>Is_Passed_or_Failed</targetReference>
        </nextValueConnector>
    </loops>
    <processMetadataValues>
        <name>BuilderType</name>
        <value>
            <stringValue>LightningFlowBuilder</stringValue>
        </value>
    </processMetadataValues>
    <processMetadataValues>
        <name>CanvasMode</name>
        <value>
            <stringValue>AUTO_LAYOUT_CANVAS</stringValue>
        </value>
    </processMetadataValues>
    <processMetadataValues>
        <name>OriginBuilderType</name>
        <value>
            <stringValue>LightningFlowBuilder</stringValue>
        </value>
    </processMetadataValues>
    <processType>AutoLaunchedFlow</processType>
    <recordLookups>
        <name>Get_Existing_Certificate_Request</name>
        <label>Get Existing Certificate Request</label>
        <locationX>176</locationX>
        <locationY>311</locationY>
        <assignNullValuesIfNoRecordsFound>false</assignNullValuesIfNoRecordsFound>
        <connector>
            <targetReference>Check_Records</targetReference>
        </connector>
        <filterLogic>and</filterLogic>
        <filters>
            <field>Certification__c</field>
            <operator>EqualTo</operator>
            <value>
                <elementReference>$Record.Certification__c</elementReference>
            </value>
        </filters>
        <filters>
            <field>Employee__c</field>
            <operator>EqualTo</operator>
            <value>
                <elementReference>$Record.Employee__c</elementReference>
            </value>
        </filters>
        <filters>
            <field>Certification__c</field>
            <operator>IsNull</operator>
            <value>
                <booleanValue>false</booleanValue>
            </value>
        </filters>
        <getFirstRecordOnly>false</getFirstRecordOnly>
        <object>Certification_Request__c</object>
        <storeOutputAutomatically>true</storeOutputAutomatically>
    </recordLookups>
    <recordUpdates>
        <name>Activate_Validation</name>
        <label>Activate Validation</label>
        <locationX>264</locationX>
        <locationY>671</locationY>
        <connector>
            <targetReference>Check_Records</targetReference>
        </connector>
        <inputAssignments>
            <field>Is_Passed_Failed__c</field>
            <value>
                <booleanValue>true</booleanValue>
            </value>
        </inputAssignments>
        <inputReference>$Record</inputReference>
    </recordUpdates>
    <start>
        <locationX>50</locationX>
        <locationY>0</locationY>
        <connector>
            <targetReference>Get_Existing_Certificate_Request</targetReference>
        </connector>
        <object>Certification_Request__c</object>
        <recordTriggerType>Create</recordTriggerType>
        <triggerType>RecordBeforeSave</triggerType>
    </start>
    <status>Active</status>
</Flow>
