<?xml version="1.0" encoding="UTF-8"?>
<Flow xmlns="http://soap.sforce.com/2006/04/metadata">
    <actionCalls>
        <name>Send_Approve_Notif</name>
        <label>Send Approve Notif</label>
        <locationX>50</locationX>
        <locationY>695</locationY>
        <actionName>customNotificationAction</actionName>
        <actionType>customNotificationAction</actionType>
        <connector>
            <targetReference>Get_Active_Record</targetReference>
        </connector>
        <flowTransactionModel>CurrentTransaction</flowTransactionModel>
        <inputParameters>
            <name>customNotifTypeId</name>
            <value>
                <elementReference>ApprovedNotification.Id</elementReference>
            </value>
        </inputParameters>
        <inputParameters>
            <name>body</name>
            <value>
                <elementReference>NotificationBody</elementReference>
            </value>
        </inputParameters>
        <inputParameters>
            <name>title</name>
            <value>
                <elementReference>NotificationTitle</elementReference>
            </value>
        </inputParameters>
        <inputParameters>
            <name>recipientIds</name>
            <value>
                <elementReference>CreatedById</elementReference>
            </value>
        </inputParameters>
        <inputParameters>
            <name>targetId</name>
            <value>
                <elementReference>$Record.CreatedById</elementReference>
            </value>
        </inputParameters>
    </actionCalls>
    <apiVersion>55.0</apiVersion>
    <assignments>
        <name>Make_Voucher_Taken</name>
        <label>Make Voucher Taken</label>
        <locationX>50</locationX>
        <locationY>1271</locationY>
        <assignmentItems>
            <assignToReference>Get_Active_Record.IsTaken__c</assignToReference>
            <operator>Assign</operator>
            <value>
                <booleanValue>true</booleanValue>
            </value>
        </assignmentItems>
        <connector>
            <targetReference>Update_Voucher</targetReference>
        </connector>
    </assignments>
    <assignments>
        <name>Set_id_to_send_to_notif</name>
        <label>Set id to send to notif</label>
        <locationX>50</locationX>
        <locationY>575</locationY>
        <assignmentItems>
            <assignToReference>CreatedById</assignToReference>
            <operator>Add</operator>
            <value>
                <elementReference>$Record.CreatedById</elementReference>
            </value>
        </assignmentItems>
        <connector>
            <targetReference>Send_Approve_Notif</targetReference>
        </connector>
    </assignments>
    <decisions>
        <name>Are_there_any_vouchers_available</name>
        <label>Are there any vouchers available</label>
        <locationX>182</locationX>
        <locationY>1031</locationY>
        <defaultConnector>
            <targetReference>No_vouchers_found</targetReference>
        </defaultConnector>
        <defaultConnectorLabel>Not Available Vouchers</defaultConnectorLabel>
        <rules>
            <name>Available_Vouchers</name>
            <conditionLogic>and</conditionLogic>
            <conditions>
                <leftValueReference>Get_Active_Record</leftValueReference>
                <operator>IsNull</operator>
                <rightValue>
                    <booleanValue>false</booleanValue>
                </rightValue>
            </conditions>
            <connector>
                <targetReference>Assign_Voucher</targetReference>
            </connector>
            <label>Available Vouchers</label>
        </rules>
    </decisions>
    <decisions>
        <name>Does_Notif_exist</name>
        <label>Does Notif exist</label>
        <locationX>182</locationX>
        <locationY>455</locationY>
        <defaultConnector>
            <targetReference>Get_Active_Record</targetReference>
        </defaultConnector>
        <defaultConnectorLabel>Default Outcome</defaultConnectorLabel>
        <rules>
            <name>Notif_Exists</name>
            <conditionLogic>and</conditionLogic>
            <conditions>
                <leftValueReference>ApprovedNotification</leftValueReference>
                <operator>IsNull</operator>
                <rightValue>
                    <booleanValue>false</booleanValue>
                </rightValue>
            </conditions>
            <connector>
                <targetReference>Set_id_to_send_to_notif</targetReference>
            </connector>
            <label>Notif Exists</label>
        </rules>
    </decisions>
    <environments>Default</environments>
    <interviewLabel>Certificate Request: Approved to Assigned {!$Flow.CurrentDateTime}</interviewLabel>
    <label>Certificate Request: Approved</label>
    <processMetadataValues>
        <name>BuilderType</name>
        <value>
            <stringValue>LightningFlowBuilder</stringValue>
        </value>
    </processMetadataValues>
    <processMetadataValues>
        <name>CanvasMode</name>
        <value>
            <stringValue>AUTO_LAYOUT_CANVAS</stringValue>
        </value>
    </processMetadataValues>
    <processMetadataValues>
        <name>OriginBuilderType</name>
        <value>
            <stringValue>LightningFlowBuilder</stringValue>
        </value>
    </processMetadataValues>
    <processType>AutoLaunchedFlow</processType>
    <recordLookups>
        <name>ApprovedNotification</name>
        <label>ApprovedNotification</label>
        <locationX>182</locationX>
        <locationY>335</locationY>
        <assignNullValuesIfNoRecordsFound>false</assignNullValuesIfNoRecordsFound>
        <connector>
            <targetReference>Does_Notif_exist</targetReference>
        </connector>
        <filterLogic>and</filterLogic>
        <filters>
            <field>DeveloperName</field>
            <operator>EqualTo</operator>
            <value>
                <stringValue>Approved</stringValue>
            </value>
        </filters>
        <getFirstRecordOnly>true</getFirstRecordOnly>
        <object>CustomNotificationType</object>
        <storeOutputAutomatically>true</storeOutputAutomatically>
    </recordLookups>
    <recordLookups>
        <name>Get_Active_Record</name>
        <label>Get Active Record</label>
        <locationX>182</locationX>
        <locationY>911</locationY>
        <assignNullValuesIfNoRecordsFound>false</assignNullValuesIfNoRecordsFound>
        <connector>
            <targetReference>Are_there_any_vouchers_available</targetReference>
        </connector>
        <filterLogic>and</filterLogic>
        <filters>
            <field>Active__c</field>
            <operator>EqualTo</operator>
            <value>
                <booleanValue>true</booleanValue>
            </value>
        </filters>
        <filters>
            <field>IsTaken__c</field>
            <operator>EqualTo</operator>
            <value>
                <booleanValue>false</booleanValue>
            </value>
        </filters>
        <filters>
            <field>Certification__c</field>
            <operator>EqualTo</operator>
            <value>
                <elementReference>$Record.Certification__c</elementReference>
            </value>
        </filters>
        <filters>
            <field>Certification__c</field>
            <operator>IsNull</operator>
            <value>
                <booleanValue>false</booleanValue>
            </value>
        </filters>
        <getFirstRecordOnly>true</getFirstRecordOnly>
        <object>Voucher__c</object>
        <storeOutputAutomatically>true</storeOutputAutomatically>
    </recordLookups>
    <recordUpdates>
        <name>Assign_Voucher</name>
        <label>Assign Voucher</label>
        <locationX>50</locationX>
        <locationY>1151</locationY>
        <connector>
            <targetReference>Make_Voucher_Taken</targetReference>
        </connector>
        <inputAssignments>
            <field>Voucher__c</field>
            <value>
                <elementReference>Get_Active_Record.Id</elementReference>
            </value>
        </inputAssignments>
        <inputReference>$Record</inputReference>
    </recordUpdates>
    <recordUpdates>
        <name>No_vouchers_found</name>
        <label>No vouchers found</label>
        <locationX>314</locationX>
        <locationY>1151</locationY>
        <inputAssignments>
            <field>Comments__c</field>
            <value>
                <elementReference>NoVouchersFound</elementReference>
            </value>
        </inputAssignments>
        <inputReference>$Record</inputReference>
    </recordUpdates>
    <recordUpdates>
        <name>Update_Voucher</name>
        <label>Update Voucher</label>
        <locationX>50</locationX>
        <locationY>1391</locationY>
        <inputReference>Get_Active_Record</inputReference>
    </recordUpdates>
    <start>
        <locationX>56</locationX>
        <locationY>0</locationY>
        <connector>
            <targetReference>ApprovedNotification</targetReference>
        </connector>
        <doesRequireRecordChangedToMeetCriteria>true</doesRequireRecordChangedToMeetCriteria>
        <filterLogic>and</filterLogic>
        <filters>
            <field>Status__c</field>
            <operator>EqualTo</operator>
            <value>
                <stringValue>Approved</stringValue>
            </value>
        </filters>
        <object>Certification_Request__c</object>
        <recordTriggerType>Update</recordTriggerType>
        <triggerType>RecordAfterSave</triggerType>
    </start>
    <status>Active</status>
    <textTemplates>
        <name>EmailBody</name>
        <isViewedAsPlainText>true</isViewedAsPlainText>
        <text>Congratulations {!$Record.Employee__r.Emp_Name__c},

Your request for {!$Record.Certification__r.Cert_Name__c} has been approved. Please wait until your Voucher has been assigned.

Sincerely,
CM App</text>
    </textTemplates>
    <textTemplates>
        <name>EmailSubject</name>
        <isViewedAsPlainText>true</isViewedAsPlainText>
        <text>{!$Record.Certification__r.Name} - Approved</text>
    </textTemplates>
    <textTemplates>
        <name>NotificationBody</name>
        <isViewedAsPlainText>true</isViewedAsPlainText>
        <text>{!$Record.Employee__r.Emp_Name__c}&apos;s Request has been approved by the Admin</text>
    </textTemplates>
    <textTemplates>
        <name>NotificationTitle</name>
        <isViewedAsPlainText>true</isViewedAsPlainText>
        <text>{!$Record.Employee__r.Emp_Name__c}&apos;s Request Approved</text>
    </textTemplates>
    <textTemplates>
        <name>NoVouchersFound</name>
        <isViewedAsPlainText>false</isViewedAsPlainText>
        <text>&lt;p&gt;No available vouchers was assigned to this request. Please contact the Admin to manually assign a voucher to this request&lt;/p&gt;</text>
    </textTemplates>
    <variables>
        <name>CreatedById</name>
        <dataType>String</dataType>
        <isCollection>true</isCollection>
        <isInput>false</isInput>
        <isOutput>false</isOutput>
    </variables>
</Flow>
