<?xml version="1.0" encoding="UTF-8"?>
<Flow xmlns="http://soap.sforce.com/2006/04/metadata">
    <actionCalls>
        <name>Past_Due_Date_Email</name>
        <label>Past Due Date Email</label>
        <locationX>50</locationX>
        <locationY>636</locationY>
        <actionName>emailSimple</actionName>
        <actionType>emailSimple</actionType>
        <flowTransactionModel>CurrentTransaction</flowTransactionModel>
        <inputParameters>
            <name>emailBody</name>
            <value>
                <elementReference>EmailBody</elementReference>
            </value>
        </inputParameters>
        <inputParameters>
            <name>emailAddresses</name>
            <value>
                <elementReference>EmailCollectionTemplate</elementReference>
            </value>
        </inputParameters>
        <inputParameters>
            <name>emailSubject</name>
            <value>
                <elementReference>EmailSubject</elementReference>
            </value>
        </inputParameters>
    </actionCalls>
    <apiVersion>55.0</apiVersion>
    <assignments>
        <name>Assign_Emails</name>
        <label>Assign Emails</label>
        <locationX>50</locationX>
        <locationY>516</locationY>
        <assignmentItems>
            <assignToReference>EmailCollection</assignToReference>
            <operator>Add</operator>
            <value>
                <elementReference>$Record.CreatedBy.Email</elementReference>
            </value>
        </assignmentItems>
        <assignmentItems>
            <assignToReference>EmailCollection</assignToReference>
            <operator>Add</operator>
            <value>
                <elementReference>$Record.Employee__r.Email__c</elementReference>
            </value>
        </assignmentItems>
        <connector>
            <targetReference>Past_Due_Date_Email</targetReference>
        </connector>
    </assignments>
    <decisions>
        <name>Has_Email</name>
        <label>Has Email</label>
        <locationX>182</locationX>
        <locationY>396</locationY>
        <defaultConnectorLabel>Default Outcome</defaultConnectorLabel>
        <rules>
            <name>Email</name>
            <conditionLogic>and</conditionLogic>
            <conditions>
                <leftValueReference>$Record.Employee__r.Email__c</leftValueReference>
                <operator>IsNull</operator>
                <rightValue>
                    <booleanValue>false</booleanValue>
                </rightValue>
            </conditions>
            <connector>
                <targetReference>Assign_Emails</targetReference>
            </connector>
            <label>Email</label>
        </rules>
    </decisions>
    <decisions>
        <name>Is_past_due_date</name>
        <label>Is past due date</label>
        <locationX>336</locationX>
        <locationY>276</locationY>
        <defaultConnectorLabel>Default Outcome</defaultConnectorLabel>
        <rules>
            <name>Past_due_date</name>
            <conditionLogic>and</conditionLogic>
            <conditions>
                <leftValueReference>$Record.Due_Date__c</leftValueReference>
                <operator>LessThan</operator>
                <rightValue>
                    <elementReference>$Flow.CurrentDate</elementReference>
                </rightValue>
            </conditions>
            <connector>
                <targetReference>Has_Email</targetReference>
            </connector>
            <label>Past due date</label>
        </rules>
    </decisions>
    <environments>Default</environments>
    <interviewLabel>Certificate Request Schedule: Past Due Email {!$Flow.CurrentDateTime}</interviewLabel>
    <label>Certificate Request Schedule: Past Due Email</label>
    <processMetadataValues>
        <name>BuilderType</name>
        <value>
            <stringValue>LightningFlowBuilder</stringValue>
        </value>
    </processMetadataValues>
    <processMetadataValues>
        <name>CanvasMode</name>
        <value>
            <stringValue>AUTO_LAYOUT_CANVAS</stringValue>
        </value>
    </processMetadataValues>
    <processMetadataValues>
        <name>OriginBuilderType</name>
        <value>
            <stringValue>LightningFlowBuilder</stringValue>
        </value>
    </processMetadataValues>
    <processType>AutoLaunchedFlow</processType>
    <start>
        <locationX>210</locationX>
        <locationY>0</locationY>
        <connector>
            <targetReference>Is_past_due_date</targetReference>
        </connector>
        <filterLogic>or</filterLogic>
        <filters>
            <field>Status__c</field>
            <operator>EqualTo</operator>
            <value>
                <stringValue>Draft</stringValue>
            </value>
        </filters>
        <filters>
            <field>Status__c</field>
            <operator>EqualTo</operator>
            <value>
                <stringValue>Approved</stringValue>
            </value>
        </filters>
        <filters>
            <field>Status__c</field>
            <operator>EqualTo</operator>
            <value>
                <stringValue>Sent for Approval</stringValue>
            </value>
        </filters>
        <object>Certification_Request__c</object>
        <schedule>
            <frequency>Daily</frequency>
            <startDate>2022-07-14</startDate>
            <startTime>00:00:00.000Z</startTime>
        </schedule>
        <triggerType>Scheduled</triggerType>
    </start>
    <status>Obsolete</status>
    <textTemplates>
        <name>EmailBody</name>
        <isViewedAsPlainText>false</isViewedAsPlainText>
        <text>&lt;p&gt;Good Day {!$Record.Employee__r.Name},&lt;/p&gt;&lt;p&gt;&lt;br&gt;&lt;/p&gt;&lt;p&gt;Your request for your {!$Record.Certification__r.Name} has past its due date. Please update with your user to finish the request immediately&lt;/p&gt;&lt;p&gt;&lt;br&gt;&lt;/p&gt;&lt;p&gt;Sincerly,&lt;/p&gt;&lt;p&gt;CM App&lt;/p&gt;&lt;p&gt;&lt;br&gt;&lt;/p&gt;</text>
    </textTemplates>
    <textTemplates>
        <name>EmailCollectionTemplate</name>
        <isViewedAsPlainText>false</isViewedAsPlainText>
        <text>&lt;p&gt;{!$Record.Employee__r.Email__c}, {!$Record.CreatedBy.Email}&lt;/p&gt;</text>
    </textTemplates>
    <textTemplates>
        <name>EmailSubject</name>
        <isViewedAsPlainText>false</isViewedAsPlainText>
        <text>&lt;p&gt;{!$Record.Name} - Past Due Date&lt;/p&gt;</text>
    </textTemplates>
    <variables>
        <name>EmailCollection</name>
        <dataType>String</dataType>
        <isCollection>true</isCollection>
        <isInput>false</isInput>
        <isOutput>false</isOutput>
    </variables>
</Flow>
