<?xml version="1.0" encoding="UTF-8"?>
<Flow xmlns="http://soap.sforce.com/2006/04/metadata">
    <actionCalls>
        <name>Rejected_Notification_Send</name>
        <label>Rejected Notification Send</label>
        <locationX>50</locationX>
        <locationY>695</locationY>
        <actionName>customNotificationAction</actionName>
        <actionType>customNotificationAction</actionType>
        <flowTransactionModel>CurrentTransaction</flowTransactionModel>
        <inputParameters>
            <name>customNotifTypeId</name>
            <value>
                <elementReference>Get_Rejected_Notif.Id</elementReference>
            </value>
        </inputParameters>
        <inputParameters>
            <name>body</name>
            <value>
                <elementReference>NotifBody</elementReference>
            </value>
        </inputParameters>
        <inputParameters>
            <name>title</name>
            <value>
                <elementReference>NotifTitle</elementReference>
            </value>
        </inputParameters>
        <inputParameters>
            <name>recipientIds</name>
            <value>
                <elementReference>CreatedById</elementReference>
            </value>
        </inputParameters>
        <inputParameters>
            <name>targetId</name>
            <value>
                <elementReference>$Record.CreatedById</elementReference>
            </value>
        </inputParameters>
    </actionCalls>
    <apiVersion>55.0</apiVersion>
    <assignments>
        <name>Assign_Created_By_Id</name>
        <label>Assign Created By Id</label>
        <locationX>182</locationX>
        <locationY>335</locationY>
        <assignmentItems>
            <assignToReference>CreatedById</assignToReference>
            <operator>Add</operator>
            <value>
                <elementReference>$Record.CreatedById</elementReference>
            </value>
        </assignmentItems>
        <connector>
            <targetReference>Get_Rejected_Notif</targetReference>
        </connector>
    </assignments>
    <decisions>
        <name>Does_notif_exist</name>
        <label>Does notif exist</label>
        <locationX>182</locationX>
        <locationY>575</locationY>
        <defaultConnectorLabel>Default Outcome</defaultConnectorLabel>
        <rules>
            <name>Notif_Found</name>
            <conditionLogic>and</conditionLogic>
            <conditions>
                <leftValueReference>Get_Rejected_Notif</leftValueReference>
                <operator>IsNull</operator>
                <rightValue>
                    <booleanValue>false</booleanValue>
                </rightValue>
            </conditions>
            <connector>
                <targetReference>Rejected_Notification_Send</targetReference>
            </connector>
            <label>Notif Found</label>
        </rules>
    </decisions>
    <environments>Default</environments>
    <interviewLabel>Certificate Request: Rejection {!$Flow.CurrentDateTime}</interviewLabel>
    <label>Certificate Request: Rejection</label>
    <processMetadataValues>
        <name>BuilderType</name>
        <value>
            <stringValue>LightningFlowBuilder</stringValue>
        </value>
    </processMetadataValues>
    <processMetadataValues>
        <name>CanvasMode</name>
        <value>
            <stringValue>AUTO_LAYOUT_CANVAS</stringValue>
        </value>
    </processMetadataValues>
    <processMetadataValues>
        <name>OriginBuilderType</name>
        <value>
            <stringValue>LightningFlowBuilder</stringValue>
        </value>
    </processMetadataValues>
    <processType>AutoLaunchedFlow</processType>
    <recordLookups>
        <name>Get_Rejected_Notif</name>
        <label>Get Rejected Notif</label>
        <locationX>182</locationX>
        <locationY>455</locationY>
        <assignNullValuesIfNoRecordsFound>false</assignNullValuesIfNoRecordsFound>
        <connector>
            <targetReference>Does_notif_exist</targetReference>
        </connector>
        <filterLogic>and</filterLogic>
        <filters>
            <field>DeveloperName</field>
            <operator>EqualTo</operator>
            <value>
                <stringValue>Rejected</stringValue>
            </value>
        </filters>
        <getFirstRecordOnly>true</getFirstRecordOnly>
        <object>CustomNotificationType</object>
        <storeOutputAutomatically>true</storeOutputAutomatically>
    </recordLookups>
    <start>
        <locationX>56</locationX>
        <locationY>0</locationY>
        <connector>
            <targetReference>Assign_Created_By_Id</targetReference>
        </connector>
        <doesRequireRecordChangedToMeetCriteria>true</doesRequireRecordChangedToMeetCriteria>
        <filterLogic>and</filterLogic>
        <filters>
            <field>Status__c</field>
            <operator>EqualTo</operator>
            <value>
                <stringValue>Rejected</stringValue>
            </value>
        </filters>
        <object>Certification_Request__c</object>
        <recordTriggerType>Update</recordTriggerType>
        <triggerType>RecordAfterSave</triggerType>
    </start>
    <status>Active</status>
    <textTemplates>
        <name>EmailBody</name>
        <isViewedAsPlainText>true</isViewedAsPlainText>
        <text>Good day {!$Record.Employee__r.Emp_Name__c},

We regret to inform you that your request for your {!$Record.Certification__r.Cert_Name__c} has been rejected.

Sincerely,
CM App</text>
    </textTemplates>
    <textTemplates>
        <name>EmailSubject</name>
        <isViewedAsPlainText>true</isViewedAsPlainText>
        <text>{!$Record.Certification__r.Name} - Rejected</text>
    </textTemplates>
    <textTemplates>
        <name>NotifBody</name>
        <isViewedAsPlainText>true</isViewedAsPlainText>
        <text>{!$Record.Employee__r.Name}&apos;s Request has been rejected by the Admin</text>
    </textTemplates>
    <textTemplates>
        <name>NotifTitle</name>
        <isViewedAsPlainText>true</isViewedAsPlainText>
        <text>{!$Record.Employee__r.Name}&apos;s Request Rejected</text>
    </textTemplates>
    <variables>
        <name>CreatedById</name>
        <dataType>String</dataType>
        <isCollection>true</isCollection>
        <isInput>false</isInput>
        <isOutput>false</isOutput>
    </variables>
</Flow>
