<?xml version="1.0" encoding="UTF-8"?>
<Flow xmlns="http://soap.sforce.com/2006/04/metadata">
    <actionCalls>
        <name>Send_Email_Alert</name>
        <label>Send Email Alert</label>
        <locationX>50</locationX>
        <locationY>455</locationY>
        <actionName>emailSimple</actionName>
        <actionType>emailSimple</actionType>
        <flowTransactionModel>CurrentTransaction</flowTransactionModel>
        <inputParameters>
            <name>emailBody</name>
            <value>
                <elementReference>EmailBody</elementReference>
            </value>
        </inputParameters>
        <inputParameters>
            <name>emailAddresses</name>
            <value>
                <elementReference>$Record.Employee__r.Email__c</elementReference>
            </value>
        </inputParameters>
        <inputParameters>
            <name>emailSubject</name>
            <value>
                <elementReference>EmailSubject</elementReference>
            </value>
        </inputParameters>
    </actionCalls>
    <apiVersion>55.0</apiVersion>
    <decisions>
        <name>Is_Email_Blank</name>
        <label>Is Email Blank?</label>
        <locationX>182</locationX>
        <locationY>335</locationY>
        <defaultConnectorLabel>Has no email</defaultConnectorLabel>
        <rules>
            <name>Has_Email_Field</name>
            <conditionLogic>and</conditionLogic>
            <conditions>
                <leftValueReference>$Record.Employee__r.Email__c</leftValueReference>
                <operator>IsNull</operator>
                <rightValue>
                    <booleanValue>false</booleanValue>
                </rightValue>
            </conditions>
            <connector>
                <targetReference>Send_Email_Alert</targetReference>
            </connector>
            <label>Has Email Field</label>
        </rules>
    </decisions>
    <environments>Default</environments>
    <interviewLabel>Certificate request: Notify Employee Approval Sent {!$Flow.CurrentDateTime}</interviewLabel>
    <label>Certificate Request: Notify Employee Approval Sent</label>
    <processMetadataValues>
        <name>BuilderType</name>
        <value>
            <stringValue>LightningFlowBuilder</stringValue>
        </value>
    </processMetadataValues>
    <processMetadataValues>
        <name>CanvasMode</name>
        <value>
            <stringValue>AUTO_LAYOUT_CANVAS</stringValue>
        </value>
    </processMetadataValues>
    <processMetadataValues>
        <name>OriginBuilderType</name>
        <value>
            <stringValue>LightningFlowBuilder</stringValue>
        </value>
    </processMetadataValues>
    <processType>AutoLaunchedFlow</processType>
    <start>
        <locationX>56</locationX>
        <locationY>0</locationY>
        <connector>
            <targetReference>Is_Email_Blank</targetReference>
        </connector>
        <doesRequireRecordChangedToMeetCriteria>true</doesRequireRecordChangedToMeetCriteria>
        <filterLogic>and</filterLogic>
        <filters>
            <field>Status__c</field>
            <operator>EqualTo</operator>
            <value>
                <stringValue>Sent for Approval</stringValue>
            </value>
        </filters>
        <object>Certification_Request__c</object>
        <recordTriggerType>Update</recordTriggerType>
        <triggerType>RecordAfterSave</triggerType>
    </start>
    <status>Obsolete</status>
    <textTemplates>
        <name>EmailBody</name>
        <isViewedAsPlainText>true</isViewedAsPlainText>
        <text>Good Day {!$Record.Employee__r.Emp_Name__c},

Your request for your {!$Record.Certification__r.Cert_Name__c} has been sent for approval.

Sincerely,
CM App</text>
    </textTemplates>
    <textTemplates>
        <name>EmailSubject</name>
        <isViewedAsPlainText>true</isViewedAsPlainText>
        <text>{!$Record.Certification__r.Cert_Name__c} - Sent for Approval</text>
    </textTemplates>
</Flow>
