<?xml version="1.0" encoding="UTF-8"?>
<Flow xmlns="http://soap.sforce.com/2006/04/metadata">
    <apiVersion>55.0</apiVersion>
    <assignments>
        <name>Assign_test_record</name>
        <label>Assign test record</label>
        <locationX>776</locationX>
        <locationY>383</locationY>
        <assignmentItems>
            <assignToReference>AccountTest.Name</assignToReference>
            <operator>Assign</operator>
            <value>
                <stringValue>TestError</stringValue>
            </value>
        </assignmentItems>
        <connector>
            <targetReference>Test</targetReference>
        </connector>
    </assignments>
    <environments>Default</environments>
    <interviewLabel>TestUpdarte {!$Flow.CurrentDateTime}</interviewLabel>
    <label>User: TestUpdate</label>
    <processMetadataValues>
        <name>BuilderType</name>
        <value>
            <stringValue>LightningFlowBuilder</stringValue>
        </value>
    </processMetadataValues>
    <processMetadataValues>
        <name>CanvasMode</name>
        <value>
            <stringValue>FREE_FORM_CANVAS</stringValue>
        </value>
    </processMetadataValues>
    <processMetadataValues>
        <name>OriginBuilderType</name>
        <value>
            <stringValue>LightningFlowBuilder</stringValue>
        </value>
    </processMetadataValues>
    <processType>AutoLaunchedFlow</processType>
    <recordCreates>
        <name>Test_Create</name>
        <label>Test Create</label>
        <locationX>468</locationX>
        <locationY>523</locationY>
        <inputReference>AccountTest</inputReference>
    </recordCreates>
    <recordUpdates>
        <name>Test</name>
        <label>Test</label>
        <locationX>776</locationX>
        <locationY>503</locationY>
        <connector>
            <targetReference>Test_Create</targetReference>
        </connector>
        <inputAssignments>
            <field>IsActive</field>
            <value>
                <booleanValue>true</booleanValue>
            </value>
        </inputAssignments>
        <inputReference>$Record</inputReference>
    </recordUpdates>
    <start>
        <locationX>650</locationX>
        <locationY>48</locationY>
        <connector>
            <targetReference>Assign_test_record</targetReference>
        </connector>
        <object>User</object>
        <recordTriggerType>Update</recordTriggerType>
        <triggerType>RecordAfterSave</triggerType>
    </start>
    <status>Active</status>
    <variables>
        <name>AccountTest</name>
        <dataType>SObject</dataType>
        <isCollection>false</isCollection>
        <isInput>false</isInput>
        <isOutput>false</isOutput>
        <objectType>Account</objectType>
    </variables>
</Flow>
