<?xml version="1.0" encoding="UTF-8"?>
<Flow xmlns="http://soap.sforce.com/2006/04/metadata">
    <apiVersion>55.0</apiVersion>
    <assignments>
        <name>Assign_Voucher</name>
        <label>Assign Voucher</label>
        <locationX>50</locationX>
        <locationY>695</locationY>
        <assignmentItems>
            <assignToReference>Get_Unassigned_Requests.Voucher__c</assignToReference>
            <operator>Assign</operator>
            <value>
                <elementReference>$Record.Id</elementReference>
            </value>
        </assignmentItems>
        <connector>
            <targetReference>Update_Certificate_Request</targetReference>
        </connector>
    </assignments>
    <decisions>
        <name>Found_Requests</name>
        <label>Found Requests</label>
        <locationX>182</locationX>
        <locationY>455</locationY>
        <defaultConnectorLabel>Default Outcome</defaultConnectorLabel>
        <rules>
            <name>Requests</name>
            <conditionLogic>and</conditionLogic>
            <conditions>
                <leftValueReference>Get_Unassigned_Requests</leftValueReference>
                <operator>IsNull</operator>
                <rightValue>
                    <booleanValue>false</booleanValue>
                </rightValue>
            </conditions>
            <connector>
                <targetReference>Set_to_taken</targetReference>
            </connector>
            <label>Requests</label>
        </rules>
    </decisions>
    <environments>Default</environments>
    <interviewLabel>Voucher: Auto Assignment {!$Flow.CurrentDateTime}</interviewLabel>
    <label>Voucher: Auto Assignment</label>
    <processMetadataValues>
        <name>BuilderType</name>
        <value>
            <stringValue>LightningFlowBuilder</stringValue>
        </value>
    </processMetadataValues>
    <processMetadataValues>
        <name>CanvasMode</name>
        <value>
            <stringValue>AUTO_LAYOUT_CANVAS</stringValue>
        </value>
    </processMetadataValues>
    <processMetadataValues>
        <name>OriginBuilderType</name>
        <value>
            <stringValue>LightningFlowBuilder</stringValue>
        </value>
    </processMetadataValues>
    <processType>AutoLaunchedFlow</processType>
    <recordLookups>
        <name>Get_Unassigned_Requests</name>
        <label>Get Unassigned Requests</label>
        <locationX>182</locationX>
        <locationY>335</locationY>
        <assignNullValuesIfNoRecordsFound>false</assignNullValuesIfNoRecordsFound>
        <connector>
            <targetReference>Found_Requests</targetReference>
        </connector>
        <filterLogic>and</filterLogic>
        <filters>
            <field>Status__c</field>
            <operator>EqualTo</operator>
            <value>
                <stringValue>Approved</stringValue>
            </value>
        </filters>
        <filters>
            <field>Voucher__c</field>
            <operator>IsNull</operator>
            <value>
                <booleanValue>true</booleanValue>
            </value>
        </filters>
        <filters>
            <field>Certification__c</field>
            <operator>EqualTo</operator>
            <value>
                <elementReference>$Record.Certification__c</elementReference>
            </value>
        </filters>
        <getFirstRecordOnly>true</getFirstRecordOnly>
        <object>Certification_Request__c</object>
        <storeOutputAutomatically>true</storeOutputAutomatically>
    </recordLookups>
    <recordUpdates>
        <name>Set_to_taken</name>
        <label>Set to taken</label>
        <locationX>50</locationX>
        <locationY>575</locationY>
        <connector>
            <targetReference>Assign_Voucher</targetReference>
        </connector>
        <inputAssignments>
            <field>IsTaken__c</field>
            <value>
                <booleanValue>true</booleanValue>
            </value>
        </inputAssignments>
        <inputReference>$Record</inputReference>
    </recordUpdates>
    <recordUpdates>
        <name>Update_Certificate_Request</name>
        <label>Update Certificate Request</label>
        <locationX>50</locationX>
        <locationY>815</locationY>
        <inputReference>Get_Unassigned_Requests</inputReference>
    </recordUpdates>
    <start>
        <locationX>56</locationX>
        <locationY>0</locationY>
        <connector>
            <targetReference>Get_Unassigned_Requests</targetReference>
        </connector>
        <filterLogic>and</filterLogic>
        <filters>
            <field>Certification__c</field>
            <operator>IsNull</operator>
            <value>
                <booleanValue>false</booleanValue>
            </value>
        </filters>
        <filters>
            <field>Active__c</field>
            <operator>EqualTo</operator>
            <value>
                <booleanValue>true</booleanValue>
            </value>
        </filters>
        <object>Voucher__c</object>
        <recordTriggerType>Create</recordTriggerType>
        <triggerType>RecordAfterSave</triggerType>
    </start>
    <status>Active</status>
</Flow>
