<?xml version="1.0" encoding="UTF-8"?>
<CustomField xmlns="http://soap.sforce.com/2006/04/metadata">
    <fullName>Student_Master__c</fullName>
    <externalId>false</externalId>
    <label>Student Master</label>
    <referenceTo>Student_Master__c</referenceTo>
    <relationshipLabel>Student Requests</relationshipLabel>
    <relationshipName>Student_Requests</relationshipName>
    <relationshipOrder>0</relationshipOrder>
    <reparentableMasterDetail>false</reparentableMasterDetail>
    <trackHistory>false</trackHistory>
    <trackTrending>false</trackTrending>
    <type>MasterDetail</type>
    <writeRequiresMasterRead>false</writeRequiresMasterRead>
</CustomField>
