<?xml version="1.0" encoding="UTF-8"?>
<Profile xmlns="http://soap.sforce.com/2006/04/metadata">
    <classAccesses>
        <apexClass>GenerateBills</apexClass>
        <enabled>true</enabled>
    </classAccesses>
    <classAccesses>
        <apexClass>GenerateWallet</apexClass>
        <enabled>false</enabled>
    </classAccesses>
    <classAccesses>
        <apexClass>GenerateWalletOnInstall</apexClass>
        <enabled>true</enabled>
    </classAccesses>
    <classAccesses>
        <apexClass>GetBill</apexClass>
        <enabled>true</enabled>
    </classAccesses>
    <classAccesses>
        <apexClass>GetPal</apexClass>
        <enabled>true</enabled>
    </classAccesses>
    <classAccesses>
        <apexClass>GetPassbook</apexClass>
        <enabled>true</enabled>
    </classAccesses>
    <classAccesses>
        <apexClass>GetUser</apexClass>
        <enabled>true</enabled>
    </classAccesses>
    <classAccesses>
        <apexClass>GetWallet</apexClass>
        <enabled>true</enabled>
    </classAccesses>
    <classAccesses>
        <apexClass>TestDataFactory</apexClass>
        <enabled>true</enabled>
    </classAccesses>
    <classAccesses>
        <apexClass>TestManager</apexClass>
        <enabled>true</enabled>
    </classAccesses>
    <custom>true</custom>
    <fieldPermissions>
        <editable>true</editable>
        <field>Bill__c.Amount__c</field>
        <readable>true</readable>
    </fieldPermissions>
    <fieldPermissions>
        <editable>true</editable>
        <field>Bill__c.Category__c</field>
        <readable>true</readable>
    </fieldPermissions>
    <fieldPermissions>
        <editable>true</editable>
        <field>Bill__c.Flag__c</field>
        <readable>true</readable>
    </fieldPermissions>
    <fieldPermissions>
        <editable>true</editable>
        <field>Bill__c.For_User__c</field>
        <readable>true</readable>
    </fieldPermissions>
    <fieldPermissions>
        <editable>true</editable>
        <field>Bill__c.Location__c</field>
        <readable>true</readable>
    </fieldPermissions>
    <fieldPermissions>
        <editable>true</editable>
        <field>Bill__c.Offer_Percent__c</field>
        <readable>true</readable>
    </fieldPermissions>
    <fieldPermissions>
        <editable>true</editable>
        <field>Bill__c.Paid__c</field>
        <readable>true</readable>
    </fieldPermissions>
    <fieldPermissions>
        <editable>true</editable>
        <field>Bill__c.Pay_Before__c</field>
        <readable>true</readable>
    </fieldPermissions>
    <fieldPermissions>
        <editable>true</editable>
        <field>Bill__c.Successful__c</field>
        <readable>true</readable>
    </fieldPermissions>
    <fieldPermissions>
        <editable>true</editable>
        <field>Bill__c.Total_Amount__c</field>
        <readable>true</readable>
    </fieldPermissions>
    <fieldPermissions>
        <editable>true</editable>
        <field>Card__c.CVV__c</field>
        <readable>true</readable>
    </fieldPermissions>
    <fieldPermissions>
        <editable>true</editable>
        <field>Card__c.Card_Number__c</field>
        <readable>true</readable>
    </fieldPermissions>
    <fieldPermissions>
        <editable>true</editable>
        <field>Card__c.Expiry_Date__c</field>
        <readable>true</readable>
    </fieldPermissions>
    <fieldPermissions>
        <editable>true</editable>
        <field>Card__c.Total_Spend__c</field>
        <readable>true</readable>
    </fieldPermissions>
    <fieldPermissions>
        <editable>true</editable>
        <field>Pal__c.Type__c</field>
        <readable>true</readable>
    </fieldPermissions>
    <fieldPermissions>
        <editable>true</editable>
        <field>Pal__c.User__c</field>
        <readable>true</readable>
    </fieldPermissions>
    <fieldPermissions>
        <editable>true</editable>
        <field>Passbook__c.Amount__c</field>
        <readable>true</readable>
    </fieldPermissions>
    <fieldPermissions>
        <editable>true</editable>
        <field>Passbook__c.Balance__c</field>
        <readable>true</readable>
    </fieldPermissions>
    <fieldPermissions>
        <editable>true</editable>
        <field>Passbook__c.Comment__c</field>
        <readable>true</readable>
    </fieldPermissions>
    <fieldPermissions>
        <editable>true</editable>
        <field>Passbook__c.Date_Time__c</field>
        <readable>true</readable>
    </fieldPermissions>
    <fieldPermissions>
        <editable>true</editable>
        <field>Passbook__c.Expense_Description__c</field>
        <readable>true</readable>
    </fieldPermissions>
    <fieldPermissions>
        <editable>true</editable>
        <field>Passbook__c.Flag__c</field>
        <readable>true</readable>
    </fieldPermissions>
    <fieldPermissions>
        <editable>true</editable>
        <field>Passbook__c.Is_Canceled__c</field>
        <readable>true</readable>
    </fieldPermissions>
    <fieldPermissions>
        <editable>true</editable>
        <field>Passbook__c.Vendor_Name__c</field>
        <readable>true</readable>
    </fieldPermissions>
    <fieldPermissions>
        <editable>true</editable>
        <field>Wallet__c.Added_From__c</field>
        <readable>true</readable>
    </fieldPermissions>
    <fieldPermissions>
        <editable>true</editable>
        <field>Wallet__c.Balance__c</field>
        <readable>true</readable>
    </fieldPermissions>
    <fieldPermissions>
        <editable>true</editable>
        <field>Wallet__c.Last_Transaction__c</field>
        <readable>true</readable>
    </fieldPermissions>
    <objectPermissions>
        <allowCreate>true</allowCreate>
        <allowDelete>true</allowDelete>
        <allowEdit>true</allowEdit>
        <allowRead>true</allowRead>
        <modifyAllRecords>false</modifyAllRecords>
        <object>Bill__c</object>
        <viewAllRecords>false</viewAllRecords>
    </objectPermissions>
    <objectPermissions>
        <allowCreate>true</allowCreate>
        <allowDelete>true</allowDelete>
        <allowEdit>true</allowEdit>
        <allowRead>true</allowRead>
        <modifyAllRecords>false</modifyAllRecords>
        <object>Card__c</object>
        <viewAllRecords>false</viewAllRecords>
    </objectPermissions>
    <objectPermissions>
        <allowCreate>true</allowCreate>
        <allowDelete>true</allowDelete>
        <allowEdit>true</allowEdit>
        <allowRead>true</allowRead>
        <modifyAllRecords>false</modifyAllRecords>
        <object>Pal__c</object>
        <viewAllRecords>false</viewAllRecords>
    </objectPermissions>
    <objectPermissions>
        <allowCreate>true</allowCreate>
        <allowDelete>true</allowDelete>
        <allowEdit>true</allowEdit>
        <allowRead>true</allowRead>
        <modifyAllRecords>false</modifyAllRecords>
        <object>Passbook__c</object>
        <viewAllRecords>false</viewAllRecords>
    </objectPermissions>
    <objectPermissions>
        <allowCreate>true</allowCreate>
        <allowDelete>true</allowDelete>
        <allowEdit>true</allowEdit>
        <allowRead>true</allowRead>
        <modifyAllRecords>false</modifyAllRecords>
        <object>Wallet__c</object>
        <viewAllRecords>false</viewAllRecords>
    </objectPermissions>
    <userLicense>Salesforce</userLicense>
    <userPermissions>
        <enabled>true</enabled>
        <name>ActivitiesAccess</name>
    </userPermissions>
    <userPermissions>
        <enabled>true</enabled>
        <name>AllowUniversalSearch</name>
    </userPermissions>
    <userPermissions>
        <enabled>true</enabled>
        <name>AllowViewKnowledge</name>
    </userPermissions>
    <userPermissions>
        <enabled>true</enabled>
        <name>ApexRestServices</name>
    </userPermissions>
    <userPermissions>
        <enabled>true</enabled>
        <name>ApiEnabled</name>
    </userPermissions>
    <userPermissions>
        <enabled>true</enabled>
        <name>AssignTopics</name>
    </userPermissions>
    <userPermissions>
        <enabled>true</enabled>
        <name>ChatterEditOwnPost</name>
    </userPermissions>
    <userPermissions>
        <enabled>true</enabled>
        <name>ChatterFileLink</name>
    </userPermissions>
    <userPermissions>
        <enabled>true</enabled>
        <name>ChatterInternalUser</name>
    </userPermissions>
    <userPermissions>
        <enabled>true</enabled>
        <name>ChatterInviteExternalUsers</name>
    </userPermissions>
    <userPermissions>
        <enabled>true</enabled>
        <name>ChatterOwnGroups</name>
    </userPermissions>
    <userPermissions>
        <enabled>true</enabled>
        <name>ContentWorkspaces</name>
    </userPermissions>
    <userPermissions>
        <enabled>true</enabled>
        <name>CreateCustomizeFilters</name>
    </userPermissions>
    <userPermissions>
        <enabled>true</enabled>
        <name>CreateCustomizeReports</name>
    </userPermissions>
    <userPermissions>
        <enabled>true</enabled>
        <name>CreateTopics</name>
    </userPermissions>
    <userPermissions>
        <enabled>true</enabled>
        <name>EditOppLineItemUnitPrice</name>
    </userPermissions>
    <userPermissions>
        <enabled>true</enabled>
        <name>EditTopics</name>
    </userPermissions>
    <userPermissions>
        <enabled>true</enabled>
        <name>EnableCommunityAppLauncher</name>
    </userPermissions>
    <userPermissions>
        <enabled>true</enabled>
        <name>EnableNotifications</name>
    </userPermissions>
    <userPermissions>
        <enabled>true</enabled>
        <name>ExportReport</name>
    </userPermissions>
    <userPermissions>
        <enabled>true</enabled>
        <name>LightningConsoleAllowedForUser</name>
    </userPermissions>
    <userPermissions>
        <enabled>true</enabled>
        <name>LightningExperienceUser</name>
    </userPermissions>
    <userPermissions>
        <enabled>true</enabled>
        <name>RunReports</name>
    </userPermissions>
    <userPermissions>
        <enabled>true</enabled>
        <name>SelectFilesFromSalesforce</name>
    </userPermissions>
    <userPermissions>
        <enabled>true</enabled>
        <name>SendSitRequests</name>
    </userPermissions>
    <userPermissions>
        <enabled>true</enabled>
        <name>ShowCompanyNameAsUserBadge</name>
    </userPermissions>
    <userPermissions>
        <enabled>true</enabled>
        <name>SubmitMacrosAllowed</name>
    </userPermissions>
    <userPermissions>
        <enabled>true</enabled>
        <name>SubscribeToLightningReports</name>
    </userPermissions>
    <userPermissions>
        <enabled>true</enabled>
        <name>UseWebLink</name>
    </userPermissions>
    <userPermissions>
        <enabled>true</enabled>
        <name>ViewHelpLink</name>
    </userPermissions>
    <userPermissions>
        <enabled>true</enabled>
        <name>ViewRoles</name>
    </userPermissions>
    <userPermissions>
        <enabled>true</enabled>
        <name>ViewSetup</name>
    </userPermissions>
</Profile>
