<?xml version="1.0" encoding="UTF-8"?>
<Profile xmlns="http://soap.sforce.com/2006/04/metadata">
    <classAccesses>
        <apexClass>GetOrders</apexClass>
        <enabled>false</enabled>
    </classAccesses>
    <classAccesses>
        <apexClass>UpdateOrder</apexClass>
        <enabled>false</enabled>
    </classAccesses>
    <custom>false</custom>
    <fieldPermissions>
        <editable>true</editable>
        <field>Invoice__c.Invoice_Currency__c</field>
        <readable>true</readable>
    </fieldPermissions>
    <fieldPermissions>
        <editable>true</editable>
        <field>Invoice__c.Invoice_Date__c</field>
        <readable>true</readable>
    </fieldPermissions>
    <fieldPermissions>
        <editable>true</editable>
        <field>Invoice__c.Invoice_Payment_Received__c</field>
        <readable>true</readable>
    </fieldPermissions>
    <fieldPermissions>
        <editable>false</editable>
        <field>Invoice__c.Invoice_Quantity__c</field>
        <readable>true</readable>
    </fieldPermissions>
    <fieldPermissions>
        <editable>false</editable>
        <field>Invoice__c.Net_Invoice_Value__c</field>
        <readable>true</readable>
    </fieldPermissions>
    <fieldPermissions>
        <editable>true</editable>
        <field>Invoice__c.Open_Amount__c</field>
        <readable>true</readable>
    </fieldPermissions>
    <fieldPermissions>
        <editable>true</editable>
        <field>Invoice__c.Order__c</field>
        <readable>true</readable>
    </fieldPermissions>
    <fieldPermissions>
        <editable>true</editable>
        <field>Invoice__c.Payment_Due_Date__c</field>
        <readable>true</readable>
    </fieldPermissions>
    <fieldPermissions>
        <editable>false</editable>
        <field>Invoice__c.Price_Discount__c</field>
        <readable>true</readable>
    </fieldPermissions>
    <fieldPermissions>
        <editable>false</editable>
        <field>Invoice__c.Transactional_Net_Value__c</field>
        <readable>true</readable>
    </fieldPermissions>
    <fieldPermissions>
        <editable>false</editable>
        <field>Product_Invoice__c.Net_Invoice_Value__c</field>
        <readable>true</readable>
    </fieldPermissions>
    <fieldPermissions>
        <editable>true</editable>
        <field>Product_Invoice__c.Order_Product__c</field>
        <readable>true</readable>
    </fieldPermissions>
    <fieldPermissions>
        <editable>false</editable>
        <field>Product_Invoice__c.Price_Discount__c</field>
        <readable>true</readable>
    </fieldPermissions>
    <fieldPermissions>
        <editable>true</editable>
        <field>Product_Invoice__c.Product_Code__c</field>
        <readable>true</readable>
    </fieldPermissions>
    <fieldPermissions>
        <editable>true</editable>
        <field>Product_Invoice__c.Quantity__c</field>
        <readable>true</readable>
    </fieldPermissions>
    <fieldPermissions>
        <editable>true</editable>
        <field>Product_Invoice__c.Transaction_Currency__c</field>
        <readable>true</readable>
    </fieldPermissions>
    <fieldPermissions>
        <editable>false</editable>
        <field>Product_Invoice__c.Transactional_Net_Value__c</field>
        <readable>true</readable>
    </fieldPermissions>
    <fieldPermissions>
        <editable>true</editable>
        <field>Product_Invoice__c.Unit_Price__c</field>
        <readable>true</readable>
    </fieldPermissions>
    <userLicense>Work.com Only</userLicense>
    <userPermissions>
        <enabled>true</enabled>
        <name>ActivitiesAccess</name>
    </userPermissions>
    <userPermissions>
        <enabled>true</enabled>
        <name>AddDirectMessageMembers</name>
    </userPermissions>
    <userPermissions>
        <enabled>true</enabled>
        <name>ApexRestServices</name>
    </userPermissions>
    <userPermissions>
        <enabled>true</enabled>
        <name>ApiEnabled</name>
    </userPermissions>
    <userPermissions>
        <enabled>true</enabled>
        <name>AssignTopics</name>
    </userPermissions>
    <userPermissions>
        <enabled>true</enabled>
        <name>ChatterEditOwnPost</name>
    </userPermissions>
    <userPermissions>
        <enabled>true</enabled>
        <name>ChatterFileLink</name>
    </userPermissions>
    <userPermissions>
        <enabled>true</enabled>
        <name>ChatterInternalUser</name>
    </userPermissions>
    <userPermissions>
        <enabled>true</enabled>
        <name>ChatterInviteExternalUsers</name>
    </userPermissions>
    <userPermissions>
        <enabled>true</enabled>
        <name>ChatterOwnGroups</name>
    </userPermissions>
    <userPermissions>
        <enabled>true</enabled>
        <name>ContentWorkspaces</name>
    </userPermissions>
    <userPermissions>
        <enabled>true</enabled>
        <name>CreateCustomizeDashboards</name>
    </userPermissions>
    <userPermissions>
        <enabled>true</enabled>
        <name>CreateCustomizeFilters</name>
    </userPermissions>
    <userPermissions>
        <enabled>true</enabled>
        <name>CreateCustomizeReports</name>
    </userPermissions>
    <userPermissions>
        <enabled>true</enabled>
        <name>CreateTopics</name>
    </userPermissions>
    <userPermissions>
        <enabled>true</enabled>
        <name>DistributeFromPersWksp</name>
    </userPermissions>
    <userPermissions>
        <enabled>true</enabled>
        <name>EditEvent</name>
    </userPermissions>
    <userPermissions>
        <enabled>true</enabled>
        <name>EditMyDashboards</name>
    </userPermissions>
    <userPermissions>
        <enabled>true</enabled>
        <name>EditMyReports</name>
    </userPermissions>
    <userPermissions>
        <enabled>true</enabled>
        <name>EditPublicDocuments</name>
    </userPermissions>
    <userPermissions>
        <enabled>true</enabled>
        <name>EditTask</name>
    </userPermissions>
    <userPermissions>
        <enabled>true</enabled>
        <name>EditTopics</name>
    </userPermissions>
    <userPermissions>
        <enabled>true</enabled>
        <name>EmailMass</name>
    </userPermissions>
    <userPermissions>
        <enabled>true</enabled>
        <name>EmailSingle</name>
    </userPermissions>
    <userPermissions>
        <enabled>true</enabled>
        <name>EnableCommunityAppLauncher</name>
    </userPermissions>
    <userPermissions>
        <enabled>true</enabled>
        <name>EnableNotifications</name>
    </userPermissions>
    <userPermissions>
        <enabled>true</enabled>
        <name>RemoveDirectMessageMembers</name>
    </userPermissions>
    <userPermissions>
        <enabled>true</enabled>
        <name>RunReports</name>
    </userPermissions>
    <userPermissions>
        <enabled>true</enabled>
        <name>SelectFilesFromSalesforce</name>
    </userPermissions>
    <userPermissions>
        <enabled>true</enabled>
        <name>ShowCompanyNameAsUserBadge</name>
    </userPermissions>
    <userPermissions>
        <enabled>true</enabled>
        <name>TransactionalEmailSend</name>
    </userPermissions>
    <userPermissions>
        <enabled>true</enabled>
        <name>UseWebLink</name>
    </userPermissions>
    <userPermissions>
        <enabled>true</enabled>
        <name>ViewHelpLink</name>
    </userPermissions>
    <userPermissions>
        <enabled>true</enabled>
        <name>ViewPublicDashboards</name>
    </userPermissions>
    <userPermissions>
        <enabled>true</enabled>
        <name>ViewPublicReports</name>
    </userPermissions>
    <userPermissions>
        <enabled>true</enabled>
        <name>WorkDotComUserPerm</name>
    </userPermissions>
</Profile>
