<?xml version="1.0" encoding="UTF-8"?>
<CustomField xmlns="http://soap.sforce.com/2006/04/metadata">
    <fullName>Booking_Ref__c</fullName>
    <deleteConstraint>SetNull</deleteConstraint>
    <externalId>false</externalId>
    <label>Booking Ref</label>
    <referenceTo>Property_Booking__c</referenceTo>
    <relationshipLabel>Booking Quotations</relationshipLabel>
    <relationshipName>Booking_Quotations</relationshipName>
    <required>false</required>
    <trackHistory>false</trackHistory>
    <trackTrending>false</trackTrending>
    <type>Lookup</type>
</CustomField>
