{
  "status": 0,
  "result": [
    {
      "createdById": "0055i000003UsYsAAK",
      "createdByName": "Tyrone Luluquisin",
      "createdDate": "2022-06-28T03:47:58.000Z",
      "fileName": "profileSessionSettings/Customer_profileSessionSetting1656388078914.profileSessionSetting",
      "fullName": "Customer_profileSessionSetting1656388078914",
      "id": "0HU5i000000D74vGAC",
      "lastModifiedById": "0055i000003UsYsAAK",
      "lastModifiedByName": "Tyrone Luluquisin",
      "lastModifiedDate": "2022-07-13T10:18:53.000Z",
      "manageableState": "unmanaged",
      "type": "ProfileSessionSetting"
    },
    {
      "createdById": "0055i000003UsYsAAK",
      "createdByName": "Tyrone Luluquisin",
      "createdDate": "2022-06-28T03:48:17.000Z",
      "fileName": "profileSessionSettings/null_profileSessionSetting1656388097845.profileSessionSetting",
      "fullName": "null_profileSessionSetting1656388097845",
      "id": "0HU5i000000D750GAC",
      "lastModifiedById": "0055i000003UsYsAAK",
      "lastModifiedByName": "Tyrone Luluquisin",
      "lastModifiedDate": "2022-07-04T08:37:36.000Z",
      "manageableState": "unmanaged",
      "type": "ProfileSessionSetting"
    },
    {
      "createdById": "0055i000003UsYsAAK",
      "createdByName": "Tyrone Luluquisin",
      "createdDate": "2022-06-28T03:50:21.000Z",
      "fileName": "profileSessionSettings/null_profileSessionSetting1656388221376.profileSessionSetting",
      "fullName": "null_profileSessionSetting1656388221376",
      "id": "0HU5i000000D755GAC",
      "lastModifiedById": "0055i000003UsYsAAK",
      "lastModifiedByName": "Tyrone Luluquisin",
      "lastModifiedDate": "2022-07-04T08:28:46.000Z",
      "manageableState": "unmanaged",
      "type": "ProfileSessionSetting"
    },
    {
      "createdById": "0055i000003UsYsAAK",
      "createdByName": "Tyrone Luluquisin",
      "createdDate": "2022-06-30T02:28:08.000Z",
      "fileName": "profileSessionSettings/Customers_profileSessionSetting1656556088423.profileSessionSetting",
      "fullName": "Customers_profileSessionSetting1656556088423",
      "id": "0HU5i000000D8FgGAK",
      "lastModifiedById": "0055i000003UsYsAAK",
      "lastModifiedByName": "Tyrone Luluquisin",
      "lastModifiedDate": "2022-07-06T01:56:21.000Z",
      "manageableState": "unmanaged",
      "type": "ProfileSessionSetting"
    }
  ]
}