{
  "status": 0,
  "result": [
    {
      "createdById": "0055i000003UsYsAAK",
      "createdByName": "Tyrone Luluquisin",
      "createdDate": "2022-06-28T03:48:17.000Z",
      "fileName": "profilePasswordPolicies/Contractor_profilePasswordPolicy1656388097822.profilePasswordPolicy",
      "fullName": "Contractor_profilePasswordPolicy1656388097822",
      "id": "0HV5i000000D7vtGAC",
      "lastModifiedById": "0055i000003UsYsAAK",
      "lastModifiedByName": "Tyrone Luluquisin",
      "lastModifiedDate": "2022-07-04T08:37:36.000Z",
      "manageableState": "unmanaged",
      "type": "ProfilePasswordPolicy"
    },
    {
      "createdById": "0055i000003UsYsAAK",
      "createdByName": "Tyrone Luluquisin",
      "createdDate": "2022-06-28T03:47:58.000Z",
      "fileName": "profilePasswordPolicies/Customer_profilePasswordPolicy1656388078757.profilePasswordPolicy",
      "fullName": "Customer_profilePasswordPolicy1656388078757",
      "id": "0HV5i000000D7voGAC",
      "lastModifiedById": "0055i000003UsYsAAK",
      "lastModifiedByName": "Tyrone Luluquisin",
      "lastModifiedDate": "2022-07-13T10:18:53.000Z",
      "manageableState": "unmanaged",
      "type": "ProfilePasswordPolicy"
    },
    {
      "createdById": "0055i000003UsYsAAK",
      "createdByName": "Tyrone Luluquisin",
      "createdDate": "2022-06-30T02:28:08.000Z",
      "fileName": "profilePasswordPolicies/Customers_profilePasswordPolicy1656556088330.profilePasswordPolicy",
      "fullName": "Customers_profilePasswordPolicy1656556088330",
      "id": "0HV5i000000D995GAC",
      "lastModifiedById": "0055i000003UsYsAAK",
      "lastModifiedByName": "Tyrone Luluquisin",
      "lastModifiedDate": "2022-07-06T01:56:21.000Z",
      "manageableState": "unmanaged",
      "type": "ProfilePasswordPolicy"
    },
    {
      "createdById": "0055i000003UsYsAAK",
      "createdByName": "Tyrone Luluquisin",
      "createdDate": "2022-06-28T03:50:21.000Z",
      "fileName": "profilePasswordPolicies/Builder_profilePasswordPolicy1656388221353.profilePasswordPolicy",
      "fullName": "Builder_profilePasswordPolicy1656388221353",
      "id": "0HV5i000000D7vyGAC",
      "lastModifiedById": "0055i000003UsYsAAK",
      "lastModifiedByName": "Tyrone Luluquisin",
      "lastModifiedDate": "2022-07-04T08:28:45.000Z",
      "manageableState": "unmanaged",
      "type": "ProfilePasswordPolicy"
    }
  ]
}