{
  "status": 0,
  "result": [
    {
      "createdById": "0055i000003UsYsAAK",
      "createdByName": "Tyrone Luluquisin",
      "createdDate": "1970-01-01T00:00:00.000Z",
      "fileName": "sharingRules/ListEmail.sharingRules",
      "fullName": "ListEmail",
      "id": "",
      "lastModifiedById": "0055i000003UsYsAAK",
      "lastModifiedByName": "Tyrone Luluquisin",
      "lastModifiedDate": "1970-01-01T00:00:00.000Z",
      "namespacePrefix": "",
      "type": "SharingRules"
    },
    {
      "createdById": "0055i000003UsYsAAK",
      "createdByName": "Tyrone Luluquisin",
      "createdDate": "1970-01-01T00:00:00.000Z",
      "fileName": "sharingRules/WorkStepTemplate.sharingRules",
      "fullName": "WorkStepTemplate",
      "id": "",
      "lastModifiedById": "0055i000003UsYsAAK",
      "lastModifiedByName": "Tyrone Luluquisin",
      "lastModifiedDate": "1970-01-01T00:00:00.000Z",
      "namespacePrefix": "",
      "type": "SharingRules"
    },
    {
      "createdById": "0055i000003UsYsAAK",
      "createdByName": "Tyrone Luluquisin",
      "createdDate": "1970-01-01T00:00:00.000Z",
      "fileName": "sharingRules/LearningItemProgress.sharingRules",
      "fullName": "LearningItemProgress",
      "id": "",
      "lastModifiedById": "0055i000003UsYsAAK",
      "lastModifiedByName": "Tyrone Luluquisin",
      "lastModifiedDate": "1970-01-01T00:00:00.000Z",
      "namespacePrefix": "",
      "type": "SharingRules"
    },
    {
      "createdById": "0055i000003UsYsAAK",
      "createdByName": "Tyrone Luluquisin",
      "createdDate": "1970-01-01T00:00:00.000Z",
      "fileName": "sharingRules/Opportunity.sharingRules",
      "fullName": "Opportunity",
      "id": "",
      "lastModifiedById": "0055i000003UsYsAAK",
      "lastModifiedByName": "Tyrone Luluquisin",
      "lastModifiedDate": "1970-01-01T00:00:00.000Z",
      "namespacePrefix": "",
      "type": "SharingRules"
    },
    {
      "createdById": "0055i000003UsYsAAK",
      "createdByName": "Tyrone Luluquisin",
      "createdDate": "1970-01-01T00:00:00.000Z",
      "fileName": "sharingRules/ExternalEventMapping.sharingRules",
      "fullName": "ExternalEventMapping",
      "id": "",
      "lastModifiedById": "0055i000003UsYsAAK",
      "lastModifiedByName": "Tyrone Luluquisin",
      "lastModifiedDate": "1970-01-01T00:00:00.000Z",
      "namespacePrefix": "",
      "type": "SharingRules"
    },
    {
      "createdById": "0055i000003UsYsAAK",
      "createdByName": "Tyrone Luluquisin",
      "createdDate": "1970-01-01T00:00:00.000Z",
      "fileName": "sharingRules/AssistantInteraction.sharingRules",
      "fullName": "AssistantInteraction",
      "id": "",
      "lastModifiedById": "0055i000003UsYsAAK",
      "lastModifiedByName": "Tyrone Luluquisin",
      "lastModifiedDate": "1970-01-01T00:00:00.000Z",
      "namespacePrefix": "",
      "type": "SharingRules"
    },
    {
      "createdById": "0055i000003UsYsAAK",
      "createdByName": "Tyrone Luluquisin",
      "createdDate": "1970-01-01T00:00:00.000Z",
      "fileName": "sharingRules/MacroUsage.sharingRules",
      "fullName": "MacroUsage",
      "id": "",
      "lastModifiedById": "0055i000003UsYsAAK",
      "lastModifiedByName": "Tyrone Luluquisin",
      "lastModifiedDate": "1970-01-01T00:00:00.000Z",
      "namespacePrefix": "",
      "type": "SharingRules"
    },
    {
      "createdById": "0055i000003UsYsAAK",
      "createdByName": "Tyrone Luluquisin",
      "createdDate": "1970-01-01T00:00:00.000Z",
      "fileName": "sharingRules/SiqUserBlacklist.sharingRules",
      "fullName": "SiqUserBlacklist",
      "id": "",
      "lastModifiedById": "0055i000003UsYsAAK",
      "lastModifiedByName": "Tyrone Luluquisin",
      "lastModifiedDate": "1970-01-01T00:00:00.000Z",
      "namespacePrefix": "",
      "type": "SharingRules"
    },
    {
      "createdById": "0055i000003UsYsAAK",
      "createdByName": "Tyrone Luluquisin",
      "createdDate": "1970-01-01T00:00:00.000Z",
      "fileName": "sharingRules/LearningItem.sharingRules",
      "fullName": "LearningItem",
      "id": "",
      "lastModifiedById": "0055i000003UsYsAAK",
      "lastModifiedByName": "Tyrone Luluquisin",
      "lastModifiedDate": "1970-01-01T00:00:00.000Z",
      "namespacePrefix": "",
      "type": "SharingRules"
    },
    {
      "createdById": "0055i000003UsYsAAK",
      "createdByName": "Tyrone Luluquisin",
      "createdDate": "1970-01-01T00:00:00.000Z",
      "fileName": "sharingRules/ComponentResponseCache.sharingRules",
      "fullName": "ComponentResponseCache",
      "id": "",
      "lastModifiedById": "0055i000003UsYsAAK",
      "lastModifiedByName": "Tyrone Luluquisin",
      "lastModifiedDate": "1970-01-01T00:00:00.000Z",
      "namespacePrefix": "",
      "type": "SharingRules"
    },
    {
      "createdById": "0055i000003UsYsAAK",
      "createdByName": "Tyrone Luluquisin",
      "createdDate": "1970-01-01T00:00:00.000Z",
      "fileName": "sharingRules/RecordMergeHistory.sharingRules",
      "fullName": "RecordMergeHistory",
      "id": "",
      "lastModifiedById": "0055i000003UsYsAAK",
      "lastModifiedByName": "Tyrone Luluquisin",
      "lastModifiedDate": "1970-01-01T00:00:00.000Z",
      "namespacePrefix": "",
      "type": "SharingRules"
    },
    {
      "createdById": "0055i000003UsYsAAK",
      "createdByName": "Tyrone Luluquisin",
      "createdDate": "1970-01-01T00:00:00.000Z",
      "fileName": "sharingRules/CleanLeadBackup.sharingRules",
      "fullName": "CleanLeadBackup",
      "id": "",
      "lastModifiedById": "0055i000003UsYsAAK",
      "lastModifiedByName": "Tyrone Luluquisin",
      "lastModifiedDate": "1970-01-01T00:00:00.000Z",
      "namespacePrefix": "",
      "type": "SharingRules"
    },
    {
      "createdById": "0055i000003UsYsAAK",
      "createdByName": "Tyrone Luluquisin",
      "createdDate": "1970-01-01T00:00:00.000Z",
      "fileName": "sharingRules/ExchangeUserMapping.sharingRules",
      "fullName": "ExchangeUserMapping",
      "id": "",
      "lastModifiedById": "0055i000003UsYsAAK",
      "lastModifiedByName": "Tyrone Luluquisin",
      "lastModifiedDate": "1970-01-01T00:00:00.000Z",
      "namespacePrefix": "",
      "type": "SharingRules"
    },
    {
      "createdById": "0055i000003UsYsAAK",
      "createdByName": "Tyrone Luluquisin",
      "createdDate": "1970-01-01T00:00:00.000Z",
      "fileName": "sharingRules/WebStore.sharingRules",
      "fullName": "WebStore",
      "id": "",
      "lastModifiedById": "0055i000003UsYsAAK",
      "lastModifiedByName": "Tyrone Luluquisin",
      "lastModifiedDate": "1970-01-01T00:00:00.000Z",
      "namespacePrefix": "",
      "type": "SharingRules"
    },
    {
      "createdById": "0055i000003UsYsAAK",
      "createdByName": "Tyrone Luluquisin",
      "createdDate": "1970-01-01T00:00:00.000Z",
      "fileName": "sharingRules/Seller.sharingRules",
      "fullName": "Seller",
      "id": "",
      "lastModifiedById": "0055i000003UsYsAAK",
      "lastModifiedByName": "Tyrone Luluquisin",
      "lastModifiedDate": "1970-01-01T00:00:00.000Z",
      "namespacePrefix": "",
      "type": "SharingRules"
    },
    {
      "createdById": "0055i000003UsYsAAK",
      "createdByName": "Tyrone Luluquisin",
      "createdDate": "1970-01-01T00:00:00.000Z",
      "fileName": "sharingRules/Case.sharingRules",
      "fullName": "Case",
      "id": "",
      "lastModifiedById": "0055i000003UsYsAAK",
      "lastModifiedByName": "Tyrone Luluquisin",
      "lastModifiedDate": "1970-01-01T00:00:00.000Z",
      "namespacePrefix": "",
      "type": "SharingRules"
    },
    {
      "createdById": "0055i000003UsYsAAK",
      "createdByName": "Tyrone Luluquisin",
      "createdDate": "1970-01-01T00:00:00.000Z",
      "fileName": "sharingRules/ServiceAppointment.sharingRules",
      "fullName": "ServiceAppointment",
      "id": "",
      "lastModifiedById": "0055i000003UsYsAAK",
      "lastModifiedByName": "Tyrone Luluquisin",
      "lastModifiedDate": "1970-01-01T00:00:00.000Z",
      "namespacePrefix": "",
      "type": "SharingRules"
    },
    {
      "createdById": "0055i000003UsYsAAK",
      "createdByName": "Tyrone Luluquisin",
      "createdDate": "1970-01-01T00:00:00.000Z",
      "fileName": "sharingRules/Customer.sharingRules",
      "fullName": "Customer",
      "id": "",
      "lastModifiedById": "0055i000003UsYsAAK",
      "lastModifiedByName": "Tyrone Luluquisin",
      "lastModifiedDate": "1970-01-01T00:00:00.000Z",
      "namespacePrefix": "",
      "type": "SharingRules"
    },
    {
      "createdById": "0055i000003UsYsAAK",
      "createdByName": "Tyrone Luluquisin",
      "createdDate": "1970-01-01T00:00:00.000Z",
      "fileName": "sharingRules/UserEmailPreferredPerson.sharingRules",
      "fullName": "UserEmailPreferredPerson",
      "id": "",
      "lastModifiedById": "0055i000003UsYsAAK",
      "lastModifiedByName": "Tyrone Luluquisin",
      "lastModifiedDate": "1970-01-01T00:00:00.000Z",
      "namespacePrefix": "",
      "type": "SharingRules"
    },
    {
      "createdById": "0055i000003UsYsAAK",
      "createdByName": "Tyrone Luluquisin",
      "createdDate": "1970-01-01T00:00:00.000Z",
      "fileName": "sharingRules/FlowTestResult.sharingRules",
      "fullName": "FlowTestResult",
      "id": "",
      "lastModifiedById": "0055i000003UsYsAAK",
      "lastModifiedByName": "Tyrone Luluquisin",
      "lastModifiedDate": "1970-01-01T00:00:00.000Z",
      "namespacePrefix": "",
      "type": "SharingRules"
    },
    {
      "createdById": "0055i000003UsYsAAK",
      "createdByName": "Tyrone Luluquisin",
      "createdDate": "1970-01-01T00:00:00.000Z",
      "fileName": "sharingRules/OrgDeleteRequest.sharingRules",
      "fullName": "OrgDeleteRequest",
      "id": "",
      "lastModifiedById": "0055i000003UsYsAAK",
      "lastModifiedByName": "Tyrone Luluquisin",
      "lastModifiedDate": "1970-01-01T00:00:00.000Z",
      "namespacePrefix": "",
      "type": "SharingRules"
    },
    {
      "createdById": "0055i000003UsYsAAK",
      "createdByName": "Tyrone Luluquisin",
      "createdDate": "1970-01-01T00:00:00.000Z",
      "fileName": "sharingRules/WorkPlan.sharingRules",
      "fullName": "WorkPlan",
      "id": "",
      "lastModifiedById": "0055i000003UsYsAAK",
      "lastModifiedByName": "Tyrone Luluquisin",
      "lastModifiedDate": "1970-01-01T00:00:00.000Z",
      "namespacePrefix": "",
      "type": "SharingRules"
    },
    {
      "createdById": "0055i000003UsYsAAK",
      "createdByName": "Tyrone Luluquisin",
      "createdDate": "2022-06-22T01:49:22.000Z",
      "fileName": "sharingRules/Student_Master__c.sharingRules",
      "fullName": "Student_Master__c",
      "id": "01I5i0000002b30EAA",
      "lastModifiedById": "0055i000003UsYsAAK",
      "lastModifiedByName": "Tyrone Luluquisin",
      "lastModifiedDate": "2022-06-22T01:49:22.000Z",
      "manageableState": "unmanaged",
      "type": "SharingRules"
    },
    {
      "createdById": "0055i000003UsYsAAK",
      "createdByName": "Tyrone Luluquisin",
      "createdDate": "1970-01-01T00:00:00.000Z",
      "fileName": "sharingRules/LocationGroup.sharingRules",
      "fullName": "LocationGroup",
      "id": "",
      "lastModifiedById": "0055i000003UsYsAAK",
      "lastModifiedByName": "Tyrone Luluquisin",
      "lastModifiedDate": "1970-01-01T00:00:00.000Z",
      "namespacePrefix": "",
      "type": "SharingRules"
    },
    {
      "createdById": "0055i000003UsYsAAK",
      "createdByName": "Tyrone Luluquisin",
      "createdDate": "1970-01-01T00:00:00.000Z",
      "fileName": "sharingRules/Order.sharingRules",
      "fullName": "Order",
      "id": "",
      "lastModifiedById": "0055i000003UsYsAAK",
      "lastModifiedByName": "Tyrone Luluquisin",
      "lastModifiedDate": "1970-01-01T00:00:00.000Z",
      "namespacePrefix": "",
      "type": "SharingRules"
    },
    {
      "createdById": "0055i000003UsYsAAK",
      "createdByName": "Tyrone Luluquisin",
      "createdDate": "1970-01-01T00:00:00.000Z",
      "fileName": "sharingRules/PromptAction.sharingRules",
      "fullName": "PromptAction",
      "id": "",
      "lastModifiedById": "0055i000003UsYsAAK",
      "lastModifiedByName": "Tyrone Luluquisin",
      "lastModifiedDate": "1970-01-01T00:00:00.000Z",
      "namespacePrefix": "",
      "type": "SharingRules"
    },
    {
      "createdById": "0055i000003UsYsAAK",
      "createdByName": "Tyrone Luluquisin",
      "createdDate": "1970-01-01T00:00:00.000Z",
      "fileName": "sharingRules/QuickTextUsage.sharingRules",
      "fullName": "QuickTextUsage",
      "id": "",
      "lastModifiedById": "0055i000003UsYsAAK",
      "lastModifiedByName": "Tyrone Luluquisin",
      "lastModifiedDate": "1970-01-01T00:00:00.000Z",
      "namespacePrefix": "",
      "type": "SharingRules"
    },
    {
      "createdById": "0055i000003UsYsAAK",
      "createdByName": "Tyrone Luluquisin",
      "createdDate": "2022-06-27T03:42:32.000Z",
      "fileName": "sharingRules/Booking_Customer__c.sharingRules",
      "fullName": "Booking_Customer__c",
      "id": "01I5i0000002kS7EAI",
      "lastModifiedById": "0055i000003UsYsAAK",
      "lastModifiedByName": "Tyrone Luluquisin",
      "lastModifiedDate": "2022-06-27T08:04:36.000Z",
      "manageableState": "unmanaged",
      "type": "SharingRules"
    },
    {
      "createdById": "0055i000003UsYsAAK",
      "createdByName": "Tyrone Luluquisin",
      "createdDate": "1970-01-01T00:00:00.000Z",
      "fileName": "sharingRules/DataUseLegalBasis.sharingRules",
      "fullName": "DataUseLegalBasis",
      "id": "",
      "lastModifiedById": "0055i000003UsYsAAK",
      "lastModifiedByName": "Tyrone Luluquisin",
      "lastModifiedDate": "1970-01-01T00:00:00.000Z",
      "namespacePrefix": "",
      "type": "SharingRules"
    },
    {
      "createdById": "0055i000003UsYsAAK",
      "createdByName": "Tyrone Luluquisin",
      "createdDate": "1970-01-01T00:00:00.000Z",
      "fileName": "sharingRules/ServiceTerritory.sharingRules",
      "fullName": "ServiceTerritory",
      "id": "",
      "lastModifiedById": "0055i000003UsYsAAK",
      "lastModifiedByName": "Tyrone Luluquisin",
      "lastModifiedDate": "1970-01-01T00:00:00.000Z",
      "namespacePrefix": "",
      "type": "SharingRules"
    },
    {
      "createdById": "0055i000003UsYsAAK",
      "createdByName": "Tyrone Luluquisin",
      "createdDate": "1970-01-01T00:00:00.000Z",
      "fileName": "sharingRules/Problem.sharingRules",
      "fullName": "Problem",
      "id": "",
      "lastModifiedById": "0055i000003UsYsAAK",
      "lastModifiedByName": "Tyrone Luluquisin",
      "lastModifiedDate": "1970-01-01T00:00:00.000Z",
      "namespacePrefix": "",
      "type": "SharingRules"
    },
    {
      "createdById": "0055i000003UsYsAAK",
      "createdByName": "Tyrone Luluquisin",
      "createdDate": "1970-01-01T00:00:00.000Z",
      "fileName": "sharingRules/ReturnOrder.sharingRules",
      "fullName": "ReturnOrder",
      "id": "",
      "lastModifiedById": "0055i000003UsYsAAK",
      "lastModifiedByName": "Tyrone Luluquisin",
      "lastModifiedDate": "1970-01-01T00:00:00.000Z",
      "namespacePrefix": "",
      "type": "SharingRules"
    },
    {
      "createdById": "0055i000003UsYsAAK",
      "createdByName": "Tyrone Luluquisin",
      "createdDate": "1970-01-01T00:00:00.000Z",
      "fileName": "sharingRules/LegalEntity.sharingRules",
      "fullName": "LegalEntity",
      "id": "",
      "lastModifiedById": "0055i000003UsYsAAK",
      "lastModifiedByName": "Tyrone Luluquisin",
      "lastModifiedDate": "1970-01-01T00:00:00.000Z",
      "namespacePrefix": "",
      "type": "SharingRules"
    },
    {
      "createdById": "0055i000003UsYsAAK",
      "createdByName": "Tyrone Luluquisin",
      "createdDate": "1970-01-01T00:00:00.000Z",
      "fileName": "sharingRules/CommSubscriptionConsent.sharingRules",
      "fullName": "CommSubscriptionConsent",
      "id": "",
      "lastModifiedById": "0055i000003UsYsAAK",
      "lastModifiedByName": "Tyrone Luluquisin",
      "lastModifiedDate": "1970-01-01T00:00:00.000Z",
      "namespacePrefix": "",
      "type": "SharingRules"
    },
    {
      "createdById": "0055i000003UsYsAAK",
      "createdByName": "Tyrone Luluquisin",
      "createdDate": "1970-01-01T00:00:00.000Z",
      "fileName": "sharingRules/EngagementChannelType.sharingRules",
      "fullName": "EngagementChannelType",
      "id": "",
      "lastModifiedById": "0055i000003UsYsAAK",
      "lastModifiedByName": "Tyrone Luluquisin",
      "lastModifiedDate": "1970-01-01T00:00:00.000Z",
      "namespacePrefix": "",
      "type": "SharingRules"
    },
    {
      "createdById": "0055i000003UsYsAAK",
      "createdByName": "Tyrone Luluquisin",
      "createdDate": "2022-06-24T06:34:02.000Z",
      "fileName": "sharingRules/Student_Violation__c.sharingRules",
      "fullName": "Student_Violation__c",
      "id": "01I5i0000002gU5EAI",
      "lastModifiedById": "0055i000003UsYsAAK",
      "lastModifiedByName": "Tyrone Luluquisin",
      "lastModifiedDate": "2022-06-24T06:34:02.000Z",
      "manageableState": "unmanaged",
      "type": "SharingRules"
    },
    {
      "createdById": "0055i000003UsYsAAK",
      "createdByName": "Tyrone Luluquisin",
      "createdDate": "1970-01-01T00:00:00.000Z",
      "fileName": "sharingRules/Invoice.sharingRules",
      "fullName": "Invoice",
      "id": "",
      "lastModifiedById": "0055i000003UsYsAAK",
      "lastModifiedByName": "Tyrone Luluquisin",
      "lastModifiedDate": "1970-01-01T00:00:00.000Z",
      "namespacePrefix": "",
      "type": "SharingRules"
    },
    {
      "createdById": "0055i000003UsYsAAK",
      "createdByName": "Tyrone Luluquisin",
      "createdDate": "1970-01-01T00:00:00.000Z",
      "fileName": "sharingRules/AuthorizationForm.sharingRules",
      "fullName": "AuthorizationForm",
      "id": "",
      "lastModifiedById": "0055i000003UsYsAAK",
      "lastModifiedByName": "Tyrone Luluquisin",
      "lastModifiedDate": "1970-01-01T00:00:00.000Z",
      "namespacePrefix": "",
      "type": "SharingRules"
    },
    {
      "createdById": "0055i000003UsYsAAK",
      "createdByName": "Tyrone Luluquisin",
      "createdDate": "1970-01-01T00:00:00.000Z",
      "fileName": "sharingRules/FlowInterviewLog.sharingRules",
      "fullName": "FlowInterviewLog",
      "id": "",
      "lastModifiedById": "0055i000003UsYsAAK",
      "lastModifiedByName": "Tyrone Luluquisin",
      "lastModifiedDate": "1970-01-01T00:00:00.000Z",
      "namespacePrefix": "",
      "type": "SharingRules"
    },
    {
      "createdById": "0055i000003UsYsAAK",
      "createdByName": "Tyrone Luluquisin",
      "createdDate": "1970-01-01T00:00:00.000Z",
      "fileName": "sharingRules/VoiceCall.sharingRules",
      "fullName": "VoiceCall",
      "id": "",
      "lastModifiedById": "0055i000003UsYsAAK",
      "lastModifiedByName": "Tyrone Luluquisin",
      "lastModifiedDate": "1970-01-01T00:00:00.000Z",
      "namespacePrefix": "",
      "type": "SharingRules"
    },
    {
      "createdById": "0055i000003UsYsAAK",
      "createdByName": "Tyrone Luluquisin",
      "createdDate": "1970-01-01T00:00:00.000Z",
      "fileName": "sharingRules/Scorecard.sharingRules",
      "fullName": "Scorecard",
      "id": "",
      "lastModifiedById": "0055i000003UsYsAAK",
      "lastModifiedByName": "Tyrone Luluquisin",
      "lastModifiedDate": "1970-01-01T00:00:00.000Z",
      "namespacePrefix": "",
      "type": "SharingRules"
    },
    {
      "createdById": "0055i000003UsYsAAK",
      "createdByName": "Tyrone Luluquisin",
      "createdDate": "1970-01-01T00:00:00.000Z",
      "fileName": "sharingRules/User.sharingRules",
      "fullName": "User",
      "id": "",
      "lastModifiedById": "0055i000003UsYsAAK",
      "lastModifiedByName": "Tyrone Luluquisin",
      "lastModifiedDate": "1970-01-01T00:00:00.000Z",
      "namespacePrefix": "",
      "type": "SharingRules"
    },
    {
      "createdById": "0055i000003UsYsAAK",
      "createdByName": "Tyrone Luluquisin",
      "createdDate": "1970-01-01T00:00:00.000Z",
      "fileName": "sharingRules/ChangeRequest.sharingRules",
      "fullName": "ChangeRequest",
      "id": "",
      "lastModifiedById": "0055i000003UsYsAAK",
      "lastModifiedByName": "Tyrone Luluquisin",
      "lastModifiedDate": "1970-01-01T00:00:00.000Z",
      "namespacePrefix": "",
      "type": "SharingRules"
    },
    {
      "createdById": "0055i000003UsYsAAK",
      "createdByName": "Tyrone Luluquisin",
      "createdDate": "2022-06-24T06:54:47.000Z",
      "fileName": "sharingRules/Sports_Master__c.sharingRules",
      "fullName": "Sports_Master__c",
      "id": "01I5i0000002gWQEAY",
      "lastModifiedById": "0055i000003UsYsAAK",
      "lastModifiedByName": "Tyrone Luluquisin",
      "lastModifiedDate": "2022-06-24T06:54:47.000Z",
      "manageableState": "unmanaged",
      "type": "SharingRules"
    },
    {
      "createdById": "0055i000003UsYsAAK",
      "createdByName": "Tyrone Luluquisin",
      "createdDate": "1970-01-01T00:00:00.000Z",
      "fileName": "sharingRules/CalendarModel.sharingRules",
      "fullName": "CalendarModel",
      "id": "",
      "lastModifiedById": "0055i000003UsYsAAK",
      "lastModifiedByName": "Tyrone Luluquisin",
      "lastModifiedDate": "1970-01-01T00:00:00.000Z",
      "namespacePrefix": "",
      "type": "SharingRules"
    },
    {
      "createdById": "0055i000003UsYsAAK",
      "createdByName": "Tyrone Luluquisin",
      "createdDate": "1970-01-01T00:00:00.000Z",
      "fileName": "sharingRules/FinanceBalanceSnapshot.sharingRules",
      "fullName": "FinanceBalanceSnapshot",
      "id": "",
      "lastModifiedById": "0055i000003UsYsAAK",
      "lastModifiedByName": "Tyrone Luluquisin",
      "lastModifiedDate": "1970-01-01T00:00:00.000Z",
      "namespacePrefix": "",
      "type": "SharingRules"
    },
    {
      "createdById": "0055i000003UsYsAAK",
      "createdByName": "Tyrone Luluquisin",
      "createdDate": "2022-06-27T03:57:21.000Z",
      "fileName": "sharingRules/Booking_Property__c.sharingRules",
      "fullName": "Booking_Property__c",
      "id": "01I5i0000002kSbEAI",
      "lastModifiedById": "0055i000003UsYsAAK",
      "lastModifiedByName": "Tyrone Luluquisin",
      "lastModifiedDate": "2022-06-27T06:48:21.000Z",
      "manageableState": "unmanaged",
      "type": "SharingRules"
    },
    {
      "createdById": "0055i000003UsYsAAK",
      "createdByName": "Tyrone Luluquisin",
      "createdDate": "1970-01-01T00:00:00.000Z",
      "fileName": "sharingRules/Incident.sharingRules",
      "fullName": "Incident",
      "id": "",
      "lastModifiedById": "0055i000003UsYsAAK",
      "lastModifiedByName": "Tyrone Luluquisin",
      "lastModifiedDate": "1970-01-01T00:00:00.000Z",
      "namespacePrefix": "",
      "type": "SharingRules"
    },
    {
      "createdById": "0055i000003UsYsAAK",
      "createdByName": "Tyrone Luluquisin",
      "createdDate": "1970-01-01T00:00:00.000Z",
      "fileName": "sharingRules/Account.sharingRules",
      "fullName": "Account",
      "id": "",
      "lastModifiedById": "0055i000003UsYsAAK",
      "lastModifiedByName": "Tyrone Luluquisin",
      "lastModifiedDate": "1970-01-01T00:00:00.000Z",
      "namespacePrefix": "",
      "type": "SharingRules"
    },
    {
      "createdById": "0055i000003UsYsAAK",
      "createdByName": "Tyrone Luluquisin",
      "createdDate": "1970-01-01T00:00:00.000Z",
      "fileName": "sharingRules/NotifDeliveryUserPref.sharingRules",
      "fullName": "NotifDeliveryUserPref",
      "id": "",
      "lastModifiedById": "0055i000003UsYsAAK",
      "lastModifiedByName": "Tyrone Luluquisin",
      "lastModifiedDate": "1970-01-01T00:00:00.000Z",
      "namespacePrefix": "",
      "type": "SharingRules"
    },
    {
      "createdById": "0055i000003UsYsAAK",
      "createdByName": "Tyrone Luluquisin",
      "createdDate": "1970-01-01T00:00:00.000Z",
      "fileName": "sharingRules/ActivityRecurrence2Exception.sharingRules",
      "fullName": "ActivityRecurrence2Exception",
      "id": "",
      "lastModifiedById": "0055i000003UsYsAAK",
      "lastModifiedByName": "Tyrone Luluquisin",
      "lastModifiedDate": "1970-01-01T00:00:00.000Z",
      "namespacePrefix": "",
      "type": "SharingRules"
    },
    {
      "createdById": "0055i000003UsYsAAK",
      "createdByName": "Tyrone Luluquisin",
      "createdDate": "1970-01-01T00:00:00.000Z",
      "fileName": "sharingRules/AlternativePaymentMethod.sharingRules",
      "fullName": "AlternativePaymentMethod",
      "id": "",
      "lastModifiedById": "0055i000003UsYsAAK",
      "lastModifiedByName": "Tyrone Luluquisin",
      "lastModifiedDate": "1970-01-01T00:00:00.000Z",
      "namespacePrefix": "",
      "type": "SharingRules"
    },
    {
      "createdById": "0055i000003UsYsAAK",
      "createdByName": "Tyrone Luluquisin",
      "createdDate": "1970-01-01T00:00:00.000Z",
      "fileName": "sharingRules/ConsumptionSchedule.sharingRules",
      "fullName": "ConsumptionSchedule",
      "id": "",
      "lastModifiedById": "0055i000003UsYsAAK",
      "lastModifiedByName": "Tyrone Luluquisin",
      "lastModifiedDate": "1970-01-01T00:00:00.000Z",
      "namespacePrefix": "",
      "type": "SharingRules"
    },
    {
      "createdById": "0055i000003UsYsAAK",
      "createdByName": "Tyrone Luluquisin",
      "createdDate": "1970-01-01T00:00:00.000Z",
      "fileName": "sharingRules/MessagingEndUser.sharingRules",
      "fullName": "MessagingEndUser",
      "id": "",
      "lastModifiedById": "0055i000003UsYsAAK",
      "lastModifiedByName": "Tyrone Luluquisin",
      "lastModifiedDate": "1970-01-01T00:00:00.000Z",
      "namespacePrefix": "",
      "type": "SharingRules"
    },
    {
      "createdById": "0055i000003UsYsAAK",
      "createdByName": "Tyrone Luluquisin",
      "createdDate": "1970-01-01T00:00:00.000Z",
      "fileName": "sharingRules/TodayGoal.sharingRules",
      "fullName": "TodayGoal",
      "id": "",
      "lastModifiedById": "0055i000003UsYsAAK",
      "lastModifiedByName": "Tyrone Luluquisin",
      "lastModifiedDate": "1970-01-01T00:00:00.000Z",
      "namespacePrefix": "",
      "type": "SharingRules"
    },
    {
      "createdById": "0055i000003UsYsAAK",
      "createdByName": "Tyrone Luluquisin",
      "createdDate": "1970-01-01T00:00:00.000Z",
      "fileName": "sharingRules/Product2.sharingRules",
      "fullName": "Product2",
      "id": "",
      "lastModifiedById": "0055i000003UsYsAAK",
      "lastModifiedByName": "Tyrone Luluquisin",
      "lastModifiedDate": "1970-01-01T00:00:00.000Z",
      "namespacePrefix": "",
      "type": "SharingRules"
    },
    {
      "createdById": "0055i000003UsYsAAK",
      "createdByName": "Tyrone Luluquisin",
      "createdDate": "1970-01-01T00:00:00.000Z",
      "fileName": "sharingRules/AuthorizationFormDataUse.sharingRules",
      "fullName": "AuthorizationFormDataUse",
      "id": "",
      "lastModifiedById": "0055i000003UsYsAAK",
      "lastModifiedByName": "Tyrone Luluquisin",
      "lastModifiedDate": "1970-01-01T00:00:00.000Z",
      "namespacePrefix": "",
      "type": "SharingRules"
    },
    {
      "createdById": "0055i000003UsYsAAK",
      "createdByName": "Tyrone Luluquisin",
      "createdDate": "1970-01-01T00:00:00.000Z",
      "fileName": "sharingRules/Image.sharingRules",
      "fullName": "Image",
      "id": "",
      "lastModifiedById": "0055i000003UsYsAAK",
      "lastModifiedByName": "Tyrone Luluquisin",
      "lastModifiedDate": "1970-01-01T00:00:00.000Z",
      "namespacePrefix": "",
      "type": "SharingRules"
    },
    {
      "createdById": "0055i000003UsYsAAK",
      "createdByName": "Tyrone Luluquisin",
      "createdDate": "1970-01-01T00:00:00.000Z",
      "fileName": "sharingRules/CreditMemo.sharingRules",
      "fullName": "CreditMemo",
      "id": "",
      "lastModifiedById": "0055i000003UsYsAAK",
      "lastModifiedByName": "Tyrone Luluquisin",
      "lastModifiedDate": "1970-01-01T00:00:00.000Z",
      "namespacePrefix": "",
      "type": "SharingRules"
    },
    {
      "createdById": "0055i000003UsYsAAK",
      "createdByName": "Tyrone Luluquisin",
      "createdDate": "1970-01-01T00:00:00.000Z",
      "fileName": "sharingRules/CommSubscription.sharingRules",
      "fullName": "CommSubscription",
      "id": "",
      "lastModifiedById": "0055i000003UsYsAAK",
      "lastModifiedByName": "Tyrone Luluquisin",
      "lastModifiedDate": "1970-01-01T00:00:00.000Z",
      "namespacePrefix": "",
      "type": "SharingRules"
    },
    {
      "createdById": "0055i000003UsYsAAK",
      "createdByName": "Tyrone Luluquisin",
      "createdDate": "1970-01-01T00:00:00.000Z",
      "fileName": "sharingRules/BusinessBrand.sharingRules",
      "fullName": "BusinessBrand",
      "id": "",
      "lastModifiedById": "0055i000003UsYsAAK",
      "lastModifiedByName": "Tyrone Luluquisin",
      "lastModifiedDate": "1970-01-01T00:00:00.000Z",
      "namespacePrefix": "",
      "type": "SharingRules"
    },
    {
      "createdById": "0055i000003UsYsAAK",
      "createdByName": "Tyrone Luluquisin",
      "createdDate": "1970-01-01T00:00:00.000Z",
      "fileName": "sharingRules/ServiceResource.sharingRules",
      "fullName": "ServiceResource",
      "id": "",
      "lastModifiedById": "0055i000003UsYsAAK",
      "lastModifiedByName": "Tyrone Luluquisin",
      "lastModifiedDate": "1970-01-01T00:00:00.000Z",
      "namespacePrefix": "",
      "type": "SharingRules"
    },
    {
      "createdById": "0055i000003UsYsAAK",
      "createdByName": "Tyrone Luluquisin",
      "createdDate": "1970-01-01T00:00:00.000Z",
      "fileName": "sharingRules/ReportResultBlob.sharingRules",
      "fullName": "ReportResultBlob",
      "id": "",
      "lastModifiedById": "0055i000003UsYsAAK",
      "lastModifiedByName": "Tyrone Luluquisin",
      "lastModifiedDate": "1970-01-01T00:00:00.000Z",
      "namespacePrefix": "",
      "type": "SharingRules"
    },
    {
      "createdById": "0055i000003UsYsAAK",
      "createdByName": "Tyrone Luluquisin",
      "createdDate": "1970-01-01T00:00:00.000Z",
      "fileName": "sharingRules/ConvCoachingRecommendation.sharingRules",
      "fullName": "ConvCoachingRecommendation",
      "id": "",
      "lastModifiedById": "0055i000003UsYsAAK",
      "lastModifiedByName": "Tyrone Luluquisin",
      "lastModifiedDate": "1970-01-01T00:00:00.000Z",
      "namespacePrefix": "",
      "type": "SharingRules"
    },
    {
      "createdById": "0055i000003UsYsAAK",
      "createdByName": "Tyrone Luluquisin",
      "createdDate": "2022-06-27T04:00:02.000Z",
      "fileName": "sharingRules/Booking_Quotation__c.sharingRules",
      "fullName": "Booking_Quotation__c",
      "id": "01I5i0000002kSlEAI",
      "lastModifiedById": "0055i000003UsYsAAK",
      "lastModifiedByName": "Tyrone Luluquisin",
      "lastModifiedDate": "2022-06-27T06:53:05.000Z",
      "manageableState": "unmanaged",
      "type": "SharingRules"
    },
    {
      "createdById": "0055i000003UsYsAAK",
      "createdByName": "Tyrone Luluquisin",
      "createdDate": "1970-01-01T00:00:00.000Z",
      "fileName": "sharingRules/PartyConsent.sharingRules",
      "fullName": "PartyConsent",
      "id": "",
      "lastModifiedById": "0055i000003UsYsAAK",
      "lastModifiedByName": "Tyrone Luluquisin",
      "lastModifiedDate": "1970-01-01T00:00:00.000Z",
      "namespacePrefix": "",
      "type": "SharingRules"
    },
    {
      "createdById": "0055i000003UsYsAAK",
      "createdByName": "Tyrone Luluquisin",
      "createdDate": "1970-01-01T00:00:00.000Z",
      "fileName": "sharingRules/LearningItemAssignment.sharingRules",
      "fullName": "LearningItemAssignment",
      "id": "",
      "lastModifiedById": "0055i000003UsYsAAK",
      "lastModifiedByName": "Tyrone Luluquisin",
      "lastModifiedDate": "1970-01-01T00:00:00.000Z",
      "namespacePrefix": "",
      "type": "SharingRules"
    },
    {
      "createdById": "0055i000003UsYsAAK",
      "createdByName": "Tyrone Luluquisin",
      "createdDate": "1970-01-01T00:00:00.000Z",
      "fileName": "sharingRules/UserAppMenuCustomization.sharingRules",
      "fullName": "UserAppMenuCustomization",
      "id": "",
      "lastModifiedById": "0055i000003UsYsAAK",
      "lastModifiedByName": "Tyrone Luluquisin",
      "lastModifiedDate": "1970-01-01T00:00:00.000Z",
      "namespacePrefix": "",
      "type": "SharingRules"
    },
    {
      "createdById": "0055i000003UsYsAAK",
      "createdByName": "Tyrone Luluquisin",
      "createdDate": "1970-01-01T00:00:00.000Z",
      "fileName": "sharingRules/QuickText.sharingRules",
      "fullName": "QuickText",
      "id": "",
      "lastModifiedById": "0055i000003UsYsAAK",
      "lastModifiedByName": "Tyrone Luluquisin",
      "lastModifiedDate": "1970-01-01T00:00:00.000Z",
      "namespacePrefix": "",
      "type": "SharingRules"
    },
    {
      "createdById": "0055i000003UsYsAAK",
      "createdByName": "Tyrone Luluquisin",
      "createdDate": "1970-01-01T00:00:00.000Z",
      "fileName": "sharingRules/StreamActivityAccess.sharingRules",
      "fullName": "StreamActivityAccess",
      "id": "",
      "lastModifiedById": "0055i000003UsYsAAK",
      "lastModifiedByName": "Tyrone Luluquisin",
      "lastModifiedDate": "1970-01-01T00:00:00.000Z",
      "namespacePrefix": "",
      "type": "SharingRules"
    },
    {
      "createdById": "0055i000003UsYsAAK",
      "createdByName": "Tyrone Luluquisin",
      "createdDate": "1970-01-01T00:00:00.000Z",
      "fileName": "sharingRules/Location.sharingRules",
      "fullName": "Location",
      "id": "",
      "lastModifiedById": "0055i000003UsYsAAK",
      "lastModifiedByName": "Tyrone Luluquisin",
      "lastModifiedDate": "1970-01-01T00:00:00.000Z",
      "namespacePrefix": "",
      "type": "SharingRules"
    },
    {
      "createdById": "0055i000003UsYsAAK",
      "createdByName": "Tyrone Luluquisin",
      "createdDate": "1970-01-01T00:00:00.000Z",
      "fileName": "sharingRules/ContactPointTypeConsent.sharingRules",
      "fullName": "ContactPointTypeConsent",
      "id": "",
      "lastModifiedById": "0055i000003UsYsAAK",
      "lastModifiedByName": "Tyrone Luluquisin",
      "lastModifiedDate": "1970-01-01T00:00:00.000Z",
      "namespacePrefix": "",
      "type": "SharingRules"
    },
    {
      "createdById": "0055i000003UsYsAAK",
      "createdByName": "Tyrone Luluquisin",
      "createdDate": "1970-01-01T00:00:00.000Z",
      "fileName": "sharingRules/FlowInterview.sharingRules",
      "fullName": "FlowInterview",
      "id": "",
      "lastModifiedById": "0055i000003UsYsAAK",
      "lastModifiedByName": "Tyrone Luluquisin",
      "lastModifiedDate": "1970-01-01T00:00:00.000Z",
      "namespacePrefix": "",
      "type": "SharingRules"
    },
    {
      "createdById": "0055i000003UsYsAAK",
      "createdByName": "Tyrone Luluquisin",
      "createdDate": "1970-01-01T00:00:00.000Z",
      "fileName": "sharingRules/WorkTypeGroup.sharingRules",
      "fullName": "WorkTypeGroup",
      "id": "",
      "lastModifiedById": "0055i000003UsYsAAK",
      "lastModifiedByName": "Tyrone Luluquisin",
      "lastModifiedDate": "1970-01-01T00:00:00.000Z",
      "namespacePrefix": "",
      "type": "SharingRules"
    },
    {
      "createdById": "0055i000003UsYsAAK",
      "createdByName": "Tyrone Luluquisin",
      "createdDate": "1970-01-01T00:00:00.000Z",
      "fileName": "sharingRules/ContactRequest.sharingRules",
      "fullName": "ContactRequest",
      "id": "",
      "lastModifiedById": "0055i000003UsYsAAK",
      "lastModifiedByName": "Tyrone Luluquisin",
      "lastModifiedDate": "1970-01-01T00:00:00.000Z",
      "namespacePrefix": "",
      "type": "SharingRules"
    },
    {
      "createdById": "0055i000003UsYsAAK",
      "createdByName": "Tyrone Luluquisin",
      "createdDate": "1970-01-01T00:00:00.000Z",
      "fileName": "sharingRules/ContactPointConsent.sharingRules",
      "fullName": "ContactPointConsent",
      "id": "",
      "lastModifiedById": "0055i000003UsYsAAK",
      "lastModifiedByName": "Tyrone Luluquisin",
      "lastModifiedDate": "1970-01-01T00:00:00.000Z",
      "namespacePrefix": "",
      "type": "SharingRules"
    },
    {
      "createdById": "0055i000003UsYsAAK",
      "createdByName": "Tyrone Luluquisin",
      "createdDate": "1970-01-01T00:00:00.000Z",
      "fileName": "sharingRules/MessagingSession.sharingRules",
      "fullName": "MessagingSession",
      "id": "",
      "lastModifiedById": "0055i000003UsYsAAK",
      "lastModifiedByName": "Tyrone Luluquisin",
      "lastModifiedDate": "1970-01-01T00:00:00.000Z",
      "namespacePrefix": "",
      "type": "SharingRules"
    },
    {
      "createdById": "0055i000003UsYsAAK",
      "createdByName": "Tyrone Luluquisin",
      "createdDate": "1970-01-01T00:00:00.000Z",
      "fileName": "sharingRules/FinanceTransaction.sharingRules",
      "fullName": "FinanceTransaction",
      "id": "",
      "lastModifiedById": "0055i000003UsYsAAK",
      "lastModifiedByName": "Tyrone Luluquisin",
      "lastModifiedDate": "1970-01-01T00:00:00.000Z",
      "namespacePrefix": "",
      "type": "SharingRules"
    },
    {
      "createdById": "0055i000003UsYsAAK",
      "createdByName": "Tyrone Luluquisin",
      "createdDate": "1970-01-01T00:00:00.000Z",
      "fileName": "sharingRules/CommSubscriptionChannelType.sharingRules",
      "fullName": "CommSubscriptionChannelType",
      "id": "",
      "lastModifiedById": "0055i000003UsYsAAK",
      "lastModifiedByName": "Tyrone Luluquisin",
      "lastModifiedDate": "1970-01-01T00:00:00.000Z",
      "namespacePrefix": "",
      "type": "SharingRules"
    },
    {
      "createdById": "0055i000003UsYsAAK",
      "createdByName": "Tyrone Luluquisin",
      "createdDate": "1970-01-01T00:00:00.000Z",
      "fileName": "sharingRules/Lead.sharingRules",
      "fullName": "Lead",
      "id": "",
      "lastModifiedById": "0055i000003UsYsAAK",
      "lastModifiedByName": "Tyrone Luluquisin",
      "lastModifiedDate": "1970-01-01T00:00:00.000Z",
      "namespacePrefix": "",
      "type": "SharingRules"
    },
    {
      "createdById": "0055i000003UsYsAAK",
      "createdByName": "Tyrone Luluquisin",
      "createdDate": "1970-01-01T00:00:00.000Z",
      "fileName": "sharingRules/CalendarView.sharingRules",
      "fullName": "CalendarView",
      "id": "",
      "lastModifiedById": "0055i000003UsYsAAK",
      "lastModifiedByName": "Tyrone Luluquisin",
      "lastModifiedDate": "1970-01-01T00:00:00.000Z",
      "namespacePrefix": "",
      "type": "SharingRules"
    },
    {
      "createdById": "0055i000003UsYsAAK",
      "createdByName": "Tyrone Luluquisin",
      "createdDate": "1970-01-01T00:00:00.000Z",
      "fileName": "sharingRules/Asset.sharingRules",
      "fullName": "Asset",
      "id": "",
      "lastModifiedById": "0055i000003UsYsAAK",
      "lastModifiedByName": "Tyrone Luluquisin",
      "lastModifiedDate": "1970-01-01T00:00:00.000Z",
      "namespacePrefix": "",
      "type": "SharingRules"
    },
    {
      "createdById": "0055i000003UsYsAAK",
      "createdByName": "Tyrone Luluquisin",
      "createdDate": "1970-01-01T00:00:00.000Z",
      "fileName": "sharingRules/Macro.sharingRules",
      "fullName": "Macro",
      "id": "",
      "lastModifiedById": "0055i000003UsYsAAK",
      "lastModifiedByName": "Tyrone Luluquisin",
      "lastModifiedDate": "1970-01-01T00:00:00.000Z",
      "namespacePrefix": "",
      "type": "SharingRules"
    },
    {
      "createdById": "0055i000003UsYsAAK",
      "createdByName": "Tyrone Luluquisin",
      "createdDate": "1970-01-01T00:00:00.000Z",
      "fileName": "sharingRules/WorkType.sharingRules",
      "fullName": "WorkType",
      "id": "",
      "lastModifiedById": "0055i000003UsYsAAK",
      "lastModifiedByName": "Tyrone Luluquisin",
      "lastModifiedDate": "1970-01-01T00:00:00.000Z",
      "namespacePrefix": "",
      "type": "SharingRules"
    },
    {
      "createdById": "0055i000003UsYsAAK",
      "createdByName": "Tyrone Luluquisin",
      "createdDate": "1970-01-01T00:00:00.000Z",
      "fileName": "sharingRules/Shift.sharingRules",
      "fullName": "Shift",
      "id": "",
      "lastModifiedById": "0055i000003UsYsAAK",
      "lastModifiedByName": "Tyrone Luluquisin",
      "lastModifiedDate": "1970-01-01T00:00:00.000Z",
      "namespacePrefix": "",
      "type": "SharingRules"
    },
    {
      "createdById": "0055i000003UsYsAAK",
      "createdByName": "Tyrone Luluquisin",
      "createdDate": "1970-01-01T00:00:00.000Z",
      "fileName": "sharingRules/DataUsePurpose.sharingRules",
      "fullName": "DataUsePurpose",
      "id": "",
      "lastModifiedById": "0055i000003UsYsAAK",
      "lastModifiedByName": "Tyrone Luluquisin",
      "lastModifiedDate": "1970-01-01T00:00:00.000Z",
      "namespacePrefix": "",
      "type": "SharingRules"
    },
    {
      "createdById": "0055i000003UsYsAAK",
      "createdByName": "Tyrone Luluquisin",
      "createdDate": "1970-01-01T00:00:00.000Z",
      "fileName": "sharingRules/WorkPlanTemplate.sharingRules",
      "fullName": "WorkPlanTemplate",
      "id": "",
      "lastModifiedById": "0055i000003UsYsAAK",
      "lastModifiedByName": "Tyrone Luluquisin",
      "lastModifiedDate": "1970-01-01T00:00:00.000Z",
      "namespacePrefix": "",
      "type": "SharingRules"
    },
    {
      "createdById": "0055i000003UsYsAAK",
      "createdByName": "Tyrone Luluquisin",
      "createdDate": "1970-01-01T00:00:00.000Z",
      "fileName": "sharingRules/Campaign.sharingRules",
      "fullName": "Campaign",
      "id": "",
      "lastModifiedById": "0055i000003UsYsAAK",
      "lastModifiedByName": "Tyrone Luluquisin",
      "lastModifiedDate": "1970-01-01T00:00:00.000Z",
      "namespacePrefix": "",
      "type": "SharingRules"
    },
    {
      "createdById": "0055i000003UsYsAAK",
      "createdByName": "Tyrone Luluquisin",
      "createdDate": "1970-01-01T00:00:00.000Z",
      "fileName": "sharingRules/WorkOrder.sharingRules",
      "fullName": "WorkOrder",
      "id": "",
      "lastModifiedById": "0055i000003UsYsAAK",
      "lastModifiedByName": "Tyrone Luluquisin",
      "lastModifiedDate": "1970-01-01T00:00:00.000Z",
      "namespacePrefix": "",
      "type": "SharingRules"
    },
    {
      "createdById": "0055i000003UsYsAAK",
      "createdByName": "Tyrone Luluquisin",
      "createdDate": "1970-01-01T00:00:00.000Z",
      "fileName": "sharingRules/ProcessException.sharingRules",
      "fullName": "ProcessException",
      "id": "",
      "lastModifiedById": "0055i000003UsYsAAK",
      "lastModifiedByName": "Tyrone Luluquisin",
      "lastModifiedDate": "1970-01-01T00:00:00.000Z",
      "namespacePrefix": "",
      "type": "SharingRules"
    },
    {
      "createdById": "0055i000003UsYsAAK",
      "createdByName": "Tyrone Luluquisin",
      "createdDate": "1970-01-01T00:00:00.000Z",
      "fileName": "sharingRules/PromptError.sharingRules",
      "fullName": "PromptError",
      "id": "",
      "lastModifiedById": "0055i000003UsYsAAK",
      "lastModifiedByName": "Tyrone Luluquisin",
      "lastModifiedDate": "1970-01-01T00:00:00.000Z",
      "namespacePrefix": "",
      "type": "SharingRules"
    },
    {
      "createdById": "0055i000003UsYsAAK",
      "createdByName": "Tyrone Luluquisin",
      "createdDate": "1970-01-01T00:00:00.000Z",
      "fileName": "sharingRules/AssistantRecommendation.sharingRules",
      "fullName": "AssistantRecommendation",
      "id": "",
      "lastModifiedById": "0055i000003UsYsAAK",
      "lastModifiedByName": "Tyrone Luluquisin",
      "lastModifiedDate": "1970-01-01T00:00:00.000Z",
      "namespacePrefix": "",
      "type": "SharingRules"
    },
    {
      "createdById": "0055i000003UsYsAAK",
      "createdByName": "Tyrone Luluquisin",
      "createdDate": "1970-01-01T00:00:00.000Z",
      "fileName": "sharingRules/ServiceContract.sharingRules",
      "fullName": "ServiceContract",
      "id": "",
      "lastModifiedById": "0055i000003UsYsAAK",
      "lastModifiedByName": "Tyrone Luluquisin",
      "lastModifiedDate": "1970-01-01T00:00:00.000Z",
      "namespacePrefix": "",
      "type": "SharingRules"
    },
    {
      "createdById": "0055i000003UsYsAAK",
      "createdByName": "Tyrone Luluquisin",
      "createdDate": "1970-01-01T00:00:00.000Z",
      "fileName": "sharingRules/AssistantProgress.sharingRules",
      "fullName": "AssistantProgress",
      "id": "",
      "lastModifiedById": "0055i000003UsYsAAK",
      "lastModifiedByName": "Tyrone Luluquisin",
      "lastModifiedDate": "1970-01-01T00:00:00.000Z",
      "namespacePrefix": "",
      "type": "SharingRules"
    },
    {
      "createdById": "0055i000003UsYsAAK",
      "createdByName": "Tyrone Luluquisin",
      "createdDate": "1970-01-01T00:00:00.000Z",
      "fileName": "sharingRules/AppointmentInvitation.sharingRules",
      "fullName": "AppointmentInvitation",
      "id": "",
      "lastModifiedById": "0055i000003UsYsAAK",
      "lastModifiedByName": "Tyrone Luluquisin",
      "lastModifiedDate": "1970-01-01T00:00:00.000Z",
      "namespacePrefix": "",
      "type": "SharingRules"
    },
    {
      "createdById": "0055i000003UsYsAAK",
      "createdByName": "Tyrone Luluquisin",
      "createdDate": "1970-01-01T00:00:00.000Z",
      "fileName": "sharingRules/StreamingChannel.sharingRules",
      "fullName": "StreamingChannel",
      "id": "",
      "lastModifiedById": "0055i000003UsYsAAK",
      "lastModifiedByName": "Tyrone Luluquisin",
      "lastModifiedDate": "1970-01-01T00:00:00.000Z",
      "namespacePrefix": "",
      "type": "SharingRules"
    },
    {
      "createdById": "0055i000003UsYsAAK",
      "createdByName": "Tyrone Luluquisin",
      "createdDate": "1970-01-01T00:00:00.000Z",
      "fileName": "sharingRules/Contact.sharingRules",
      "fullName": "Contact",
      "id": "",
      "lastModifiedById": "0055i000003UsYsAAK",
      "lastModifiedByName": "Tyrone Luluquisin",
      "lastModifiedDate": "1970-01-01T00:00:00.000Z",
      "namespacePrefix": "",
      "type": "SharingRules"
    },
    {
      "createdById": "0055i000003UsYsAAK",
      "createdByName": "Tyrone Luluquisin",
      "createdDate": "1970-01-01T00:00:00.000Z",
      "fileName": "sharingRules/UserProvisioningRequest.sharingRules",
      "fullName": "UserProvisioningRequest",
      "id": "",
      "lastModifiedById": "0055i000003UsYsAAK",
      "lastModifiedByName": "Tyrone Luluquisin",
      "lastModifiedDate": "1970-01-01T00:00:00.000Z",
      "namespacePrefix": "",
      "type": "SharingRules"
    },
    {
      "createdById": "0055i000003UsYsAAK",
      "createdByName": "Tyrone Luluquisin",
      "createdDate": "1970-01-01T00:00:00.000Z",
      "fileName": "sharingRules/AuthorizationFormConsent.sharingRules",
      "fullName": "AuthorizationFormConsent",
      "id": "",
      "lastModifiedById": "0055i000003UsYsAAK",
      "lastModifiedByName": "Tyrone Luluquisin",
      "lastModifiedDate": "1970-01-01T00:00:00.000Z",
      "namespacePrefix": "",
      "type": "SharingRules"
    },
    {
      "createdById": "0055i000003UsYsAAK",
      "createdByName": "Tyrone Luluquisin",
      "createdDate": "1970-01-01T00:00:00.000Z",
      "fileName": "sharingRules/ActivityRecurrence2.sharingRules",
      "fullName": "ActivityRecurrence2",
      "id": "",
      "lastModifiedById": "0055i000003UsYsAAK",
      "lastModifiedByName": "Tyrone Luluquisin",
      "lastModifiedDate": "1970-01-01T00:00:00.000Z",
      "namespacePrefix": "",
      "type": "SharingRules"
    },
    {
      "createdById": "0055i000003UsYsAAK",
      "createdByName": "Tyrone Luluquisin",
      "createdDate": "1970-01-01T00:00:00.000Z",
      "fileName": "sharingRules/Individual.sharingRules",
      "fullName": "Individual",
      "id": "",
      "lastModifiedById": "0055i000003UsYsAAK",
      "lastModifiedByName": "Tyrone Luluquisin",
      "lastModifiedDate": "1970-01-01T00:00:00.000Z",
      "namespacePrefix": "",
      "type": "SharingRules"
    }
  ]
}