{
  "status": 0,
  "result": [
    {
      "createdById": "0055i000003UsYsAAK",
      "createdByName": "Tyrone Luluquisin",
      "createdDate": "1970-01-01T00:00:00.000Z",
      "fileName": "workflows/Case.workflow",
      "fullName": "Case",
      "id": "",
      "lastModifiedById": "0055i000003UsYsAAK",
      "lastModifiedByName": "Tyrone Luluquisin",
      "lastModifiedDate": "1970-01-01T00:00:00.000Z",
      "namespacePrefix": "",
      "type": "Workflow"
    },
    {
      "createdById": "0055i000003UsYsAAK",
      "createdByName": "Tyrone Luluquisin",
      "createdDate": "2022-06-27T03:56:06.000Z",
      "fileName": "Workflow/Property_Booking__c.workflow",
      "fullName": "Property_Booking__c",
      "id": "01I5i0000002kSREAY",
      "lastModifiedById": "0055i000003UsYsAAK",
      "lastModifiedByName": "Tyrone Luluquisin",
      "lastModifiedDate": "2022-06-27T06:49:55.000Z",
      "manageableState": "unmanaged",
      "type": "Workflow"
    }
  ]
}