<?xml version="1.0" encoding="UTF-8"?>
<ValidationRule xmlns="http://soap.sforce.com/2006/04/metadata">
    <fullName>Assigning_Passed_or_Failed</fullName>
    <active>true</active>
    <errorConditionFormula>ISBLANK( Voucher__c )&amp;&amp; OR( ISPICKVAL(Status__c , &quot;Passed&quot;), ISPICKVAL(Status__c , &quot;Failed&quot;))</errorConditionFormula>
    <errorDisplayField>Voucher__c</errorDisplayField>
    <errorMessage>Voucher needs to be assigned before passing or failing</errorMessage>
</ValidationRule>
