<?xml version="1.0" encoding="UTF-8"?>
<ValidationRule xmlns="http://soap.sforce.com/2006/04/metadata">
    <fullName>Voucher_Assignment</fullName>
    <active>true</active>
    <errorConditionFormula>OR( AND(ISNEW(),NOT(ISBLANK(Voucher__c ))) ,ISCHANGED( Voucher__c ) )&amp;&amp;   NOT( ISPICKVAL( Status__c , &quot;Approved&quot;) ) &amp;&amp; NOT( Voucher__r.IsTaken__c )</errorConditionFormula>
    <errorMessage>The status needs to be approved first before assigning a voucher.</errorMessage>
</ValidationRule>
