<?xml version="1.0" encoding="UTF-8"?>
<Flow xmlns="http://soap.sforce.com/2006/04/metadata">
    <actionCalls>
        <name>SendForApproval</name>
        <label>SendForApproval</label>
        <locationX>182</locationX>
        <locationY>671</locationY>
        <actionName>submit</actionName>
        <actionType>submit</actionType>
        <flowTransactionModel>CurrentTransaction</flowTransactionModel>
        <inputParameters>
            <name>processDefinitionNameOrId</name>
            <value>
                <stringValue>04a5i0000008w13</stringValue>
            </value>
        </inputParameters>
        <inputParameters>
            <name>nextApproverIds</name>
            <value>
                <elementReference>Manager</elementReference>
            </value>
        </inputParameters>
        <inputParameters>
            <name>objectId</name>
            <value>
                <elementReference>$Record.Id</elementReference>
            </value>
        </inputParameters>
        <inputParameters>
            <name>submitterId</name>
            <value>
                <elementReference>$User.Id</elementReference>
            </value>
        </inputParameters>
        <storeOutputAutomatically>true</storeOutputAutomatically>
    </actionCalls>
    <apiVersion>55.0</apiVersion>
    <assignments>
        <name>Assign_Manager</name>
        <label>Assign Manager</label>
        <locationX>50</locationX>
        <locationY>455</locationY>
        <assignmentItems>
            <assignToReference>Manager</assignToReference>
            <operator>Add</operator>
            <value>
                <stringValue>0055i000003WZKoAAO</stringValue>
            </value>
        </assignmentItems>
        <connector>
            <targetReference>SendForApproval</targetReference>
        </connector>
    </assignments>
    <assignments>
        <name>Set_manager</name>
        <label>Set manager</label>
        <locationX>314</locationX>
        <locationY>455</locationY>
        <assignmentItems>
            <assignToReference>Manager</assignToReference>
            <operator>Add</operator>
            <value>
                <elementReference>$User.ManagerId</elementReference>
            </value>
        </assignmentItems>
        <connector>
            <targetReference>SendForApproval</targetReference>
        </connector>
    </assignments>
    <decisions>
        <name>Check_for_Managers</name>
        <label>Check for Managers</label>
        <locationX>182</locationX>
        <locationY>335</locationY>
        <defaultConnector>
            <targetReference>Set_manager</targetReference>
        </defaultConnector>
        <defaultConnectorLabel>Default Outcome</defaultConnectorLabel>
        <rules>
            <name>Has_Manager</name>
            <conditionLogic>and</conditionLogic>
            <conditions>
                <leftValueReference>$User.ManagerId</leftValueReference>
                <operator>IsNull</operator>
                <rightValue>
                    <booleanValue>true</booleanValue>
                </rightValue>
            </conditions>
            <connector>
                <targetReference>Assign_Manager</targetReference>
            </connector>
            <label>Has no managers</label>
        </rules>
    </decisions>
    <environments>Default</environments>
    <interviewLabel>Automated Approval {!$Flow.CurrentDateTime}</interviewLabel>
    <label>Automated Approval</label>
    <processMetadataValues>
        <name>BuilderType</name>
        <value>
            <stringValue>LightningFlowBuilder</stringValue>
        </value>
    </processMetadataValues>
    <processMetadataValues>
        <name>CanvasMode</name>
        <value>
            <stringValue>AUTO_LAYOUT_CANVAS</stringValue>
        </value>
    </processMetadataValues>
    <processMetadataValues>
        <name>OriginBuilderType</name>
        <value>
            <stringValue>LightningFlowBuilder</stringValue>
        </value>
    </processMetadataValues>
    <processType>AutoLaunchedFlow</processType>
    <start>
        <locationX>56</locationX>
        <locationY>0</locationY>
        <connector>
            <targetReference>Check_for_Managers</targetReference>
        </connector>
        <doesRequireRecordChangedToMeetCriteria>true</doesRequireRecordChangedToMeetCriteria>
        <filterLogic>and</filterLogic>
        <filters>
            <field>Quoted_Price__c</field>
            <operator>IsNull</operator>
            <value>
                <booleanValue>false</booleanValue>
            </value>
        </filters>
        <object>Property_Booking__c</object>
        <recordTriggerType>Update</recordTriggerType>
        <triggerType>RecordAfterSave</triggerType>
    </start>
    <status>Active</status>
    <variables>
        <name>Manager</name>
        <dataType>String</dataType>
        <isCollection>true</isCollection>
        <isInput>false</isInput>
        <isOutput>false</isOutput>
    </variables>
</Flow>
