<?xml version="1.0" encoding="UTF-8"?>
<Flow xmlns="http://soap.sforce.com/2006/04/metadata">
    <apiVersion>55.0</apiVersion>
    <decisions>
        <name>Is_it_a_duplicate</name>
        <label>Is it a duplicate</label>
        <locationX>182</locationX>
        <locationY>431</locationY>
        <defaultConnectorLabel>Its not a duplicate</defaultConnectorLabel>
        <rules>
            <name>Its_a_duplicate</name>
            <conditionLogic>and</conditionLogic>
            <conditions>
                <leftValueReference>Check_for_duplicate</leftValueReference>
                <operator>IsNull</operator>
                <rightValue>
                    <booleanValue>false</booleanValue>
                </rightValue>
            </conditions>
            <connector>
                <targetReference>Make_not_valid_for_update_or_insert_0_0</targetReference>
            </connector>
            <label>Its a duplicate?</label>
        </rules>
    </decisions>
    <environments>Default</environments>
    <interviewLabel>Duplicate Stopper {!$Flow.CurrentDateTime}</interviewLabel>
    <label>Duplicate Stopper</label>
    <processMetadataValues>
        <name>BuilderType</name>
        <value>
            <stringValue>LightningFlowBuilder</stringValue>
        </value>
    </processMetadataValues>
    <processMetadataValues>
        <name>CanvasMode</name>
        <value>
            <stringValue>AUTO_LAYOUT_CANVAS</stringValue>
        </value>
    </processMetadataValues>
    <processMetadataValues>
        <name>OriginBuilderType</name>
        <value>
            <stringValue>LightningFlowBuilder</stringValue>
        </value>
    </processMetadataValues>
    <processType>AutoLaunchedFlow</processType>
    <recordLookups>
        <name>Check_for_duplicate</name>
        <label>Check for duplicate</label>
        <locationX>182</locationX>
        <locationY>311</locationY>
        <assignNullValuesIfNoRecordsFound>false</assignNullValuesIfNoRecordsFound>
        <connector>
            <targetReference>Is_it_a_duplicate</targetReference>
        </connector>
        <filterLogic>and</filterLogic>
        <filters>
            <field>Booking_Customer__c</field>
            <operator>EqualTo</operator>
            <value>
                <elementReference>$Record.Booking_Customer__c</elementReference>
            </value>
        </filters>
        <filters>
            <field>Booking_Property__c</field>
            <operator>EqualTo</operator>
            <value>
                <elementReference>$Record.Booking_Property__c</elementReference>
            </value>
        </filters>
        <filters>
            <field>Status__c</field>
            <operator>NotEqualTo</operator>
            <value>
                <stringValue>Approved</stringValue>
            </value>
        </filters>
        <filters>
            <field>Status__c</field>
            <operator>NotEqualTo</operator>
            <value>
                <stringValue>Rejected</stringValue>
            </value>
        </filters>
        <getFirstRecordOnly>true</getFirstRecordOnly>
        <object>Property_Booking__c</object>
        <storeOutputAutomatically>true</storeOutputAutomatically>
    </recordLookups>
    <recordUpdates>
        <name>Make_not_valid_for_update_or_insert_0_0</name>
        <label>Make not valid for update or insert</label>
        <locationX>50</locationX>
        <locationY>551</locationY>
        <inputAssignments>
            <field>isNotValid__c</field>
            <value>
                <booleanValue>true</booleanValue>
            </value>
        </inputAssignments>
        <inputReference>$Record</inputReference>
    </recordUpdates>
    <start>
        <locationX>56</locationX>
        <locationY>0</locationY>
        <connector>
            <targetReference>Check_for_duplicate</targetReference>
        </connector>
        <object>Property_Booking__c</object>
        <recordTriggerType>Create</recordTriggerType>
        <triggerType>RecordBeforeSave</triggerType>
    </start>
    <status>Active</status>
</Flow>
