<?xml version="1.0" encoding="UTF-8"?>
<Flow xmlns="http://soap.sforce.com/2006/04/metadata">
    <apiVersion>55.0</apiVersion>
    <environments>Default</environments>
    <interviewLabel>User Profile Info {!$Flow.CurrentDateTime}</interviewLabel>
    <label>User Profile Info</label>
    <processMetadataValues>
        <name>BuilderType</name>
        <value>
            <stringValue>LightningFlowBuilder</stringValue>
        </value>
    </processMetadataValues>
    <processMetadataValues>
        <name>CanvasMode</name>
        <value>
            <stringValue>AUTO_LAYOUT_CANVAS</stringValue>
        </value>
    </processMetadataValues>
    <processMetadataValues>
        <name>OriginBuilderType</name>
        <value>
            <stringValue>LightningFlowBuilder</stringValue>
        </value>
    </processMetadataValues>
    <processType>Flow</processType>
    <screens>
        <name>Do_not_use_on_Production</name>
        <label>Do not use on Production</label>
        <locationX>176</locationX>
        <locationY>158</locationY>
        <allowBack>true</allowBack>
        <allowFinish>true</allowFinish>
        <allowPause>true</allowPause>
        <fields>
            <name>User_Info</name>
            <fieldText>&lt;p&gt;User Id: {!$User.Id}&lt;/p&gt;&lt;p&gt;User&apos;s Profile Id {!$User.ProfileId}&lt;/p&gt;</fieldText>
            <fieldType>DisplayText</fieldType>
        </fields>
        <showFooter>true</showFooter>
        <showHeader>true</showHeader>
    </screens>
    <start>
        <locationX>50</locationX>
        <locationY>0</locationY>
        <connector>
            <targetReference>Do_not_use_on_Production</targetReference>
        </connector>
    </start>
    <status>Obsolete</status>
</Flow>
