<?xml version="1.0" encoding="UTF-8"?>
<CustomField xmlns="http://soap.sforce.com/2006/04/metadata">
    <fullName>Car__c</fullName>
    <externalId>false</externalId>
    <label>Car</label>
    <referenceTo>Car__c</referenceTo>
    <relationshipLabel>Car Models</relationshipLabel>
    <relationshipName>Car_Models</relationshipName>
    <relationshipOrder>0</relationshipOrder>
    <reparentableMasterDetail>false</reparentableMasterDetail>
    <trackHistory>false</trackHistory>
    <trackTrending>false</trackTrending>
    <type>MasterDetail</type>
    <writeRequiresMasterRead>false</writeRequiresMasterRead>
</CustomField>
