<?xml version="1.0" encoding="UTF-8"?>
<CustomField xmlns="http://soap.sforce.com/2006/04/metadata">
    <fullName>Total_Revenue__c</fullName>
    <externalId>false</externalId>
    <label>Total Revenue</label>
    <summarizedField>Car_Booking__c.Price_Paid__c</summarizedField>
    <summaryFilterItems>
        <field>Car_Booking__c.Stage__c</field>
        <operation>equals</operation>
        <value>To Ship, Shipping, Delivered</value>
    </summaryFilterItems>
    <summaryForeignKey>Car_Booking__c.Car_Model__c</summaryForeignKey>
    <summaryOperation>sum</summaryOperation>
    <trackHistory>false</trackHistory>
    <trackTrending>false</trackTrending>
    <type>Summary</type>
</CustomField>
