<?xml version="1.0" encoding="UTF-8"?>
<CustomField xmlns="http://soap.sforce.com/2006/04/metadata">
    <fullName>Category__c</fullName>
    <externalId>false</externalId>
    <label>Category</label>
    <required>false</required>
    <trackHistory>false</trackHistory>
    <trackTrending>false</trackTrending>
    <type>Picklist</type>
    <valueSet>
        <restricted>true</restricted>
        <valueSetDefinition>
            <sorted>false</sorted>
            <value>
                <fullName>Electricity</fullName>
                <default>false</default>
                <label>Electricity</label>
            </value>
            <value>
                <fullName>Water</fullName>
                <default>false</default>
                <label>Water</label>
            </value>
            <value>
                <fullName>Tax</fullName>
                <default>false</default>
                <label>Tax</label>
            </value>
            <value>
                <fullName>Others</fullName>
                <default>false</default>
                <label>Others</label>
            </value>
        </valueSetDefinition>
    </valueSet>
</CustomField>
