<?xml version="1.0" encoding="UTF-8"?>
<CustomField xmlns="http://soap.sforce.com/2006/04/metadata">
    <fullName>Price_Discount__c</fullName>
    <externalId>false</externalId>
    <formula>If( Quantity__c &gt;=10, 1 / Quantity__c ,0)</formula>
    <formulaTreatBlanksAs>BlankAsZero</formulaTreatBlanksAs>
    <label>Price Discount</label>
    <precision>18</precision>
    <required>false</required>
    <scale>2</scale>
    <trackHistory>false</trackHistory>
    <trackTrending>false</trackTrending>
    <type>Percent</type>
</CustomField>
