<?xml version="1.0" encoding="UTF-8"?>
<CustomField xmlns="http://soap.sforce.com/2006/04/metadata">
    <fullName>Transactional_Net_Value__c</fullName>
    <externalId>false</externalId>
    <formula>Quantity__c *   Unit_Price__c</formula>
    <formulaTreatBlanksAs>BlankAsZero</formulaTreatBlanksAs>
    <label>Transactional Net Value</label>
    <precision>18</precision>
    <required>false</required>
    <scale>2</scale>
    <trackHistory>false</trackHistory>
    <trackTrending>false</trackTrending>
    <type>Currency</type>
</CustomField>
