<?xml version="1.0" encoding="UTF-8"?>
<LightningMessageChannel xmlns="http://soap.sforce.com/2006/04/metadata">
    <description>Used for searching from the Property Booking App</description>
    <isExposed>true</isExposed>
    <lightningMessageFields>
        <description>This is the type of object to search</description>
        <fieldName>type</fieldName>
    </lightningMessageFields>
    <lightningMessageFields>
        <description>This is the term which needs to be searched</description>
        <fieldName>term</fieldName>
    </lightningMessageFields>
    <masterLabel>SearchProperty</masterLabel>
</LightningMessageChannel>
