<?xml version="1.0" encoding="UTF-8"?>
<Profile xmlns="http://soap.sforce.com/2006/04/metadata">
    <classAccesses>
        <apexClass>ScheduleDuePastEmails</apexClass>
        <enabled>false</enabled>
    </classAccesses>
    <custom>true</custom>
    <fieldPermissions>
        <editable>true</editable>
        <field>Certification_Request__c.Comments__c</field>
        <readable>true</readable>
    </fieldPermissions>
    <fieldPermissions>
        <editable>true</editable>
        <field>Certification_Request__c.Due_Date__c</field>
        <readable>true</readable>
    </fieldPermissions>
    <fieldPermissions>
        <editable>true</editable>
        <field>Certification_Request__c.Is_Duplicate__c</field>
        <readable>true</readable>
    </fieldPermissions>
    <fieldPermissions>
        <editable>true</editable>
        <field>Certification_Request__c.Is_Passed_Failed__c</field>
        <readable>true</readable>
    </fieldPermissions>
    <fieldPermissions>
        <editable>true</editable>
        <field>Certification_Request__c.Is_Pending_Employee__c</field>
        <readable>true</readable>
    </fieldPermissions>
    <fieldPermissions>
        <editable>true</editable>
        <field>Certification_Request__c.Is_Voucher_Taken__c</field>
        <readable>true</readable>
    </fieldPermissions>
    <fieldPermissions>
        <editable>true</editable>
        <field>Certification_Request__c.Status__c</field>
        <readable>true</readable>
    </fieldPermissions>
    <fieldPermissions>
        <editable>true</editable>
        <field>Certification_Request__c.Voucher__c</field>
        <readable>true</readable>
    </fieldPermissions>
    <fieldPermissions>
        <editable>true</editable>
        <field>Certification__c.Cert_Name__c</field>
        <readable>true</readable>
    </fieldPermissions>
    <fieldPermissions>
        <editable>true</editable>
        <field>Employee__c.Comments__c</field>
        <readable>true</readable>
    </fieldPermissions>
    <fieldPermissions>
        <editable>true</editable>
        <field>Employee__c.Contact__c</field>
        <readable>true</readable>
    </fieldPermissions>
    <fieldPermissions>
        <editable>true</editable>
        <field>Employee__c.Email__c</field>
        <readable>true</readable>
    </fieldPermissions>
    <fieldPermissions>
        <editable>true</editable>
        <field>Employee__c.Emp_Name__c</field>
        <readable>true</readable>
    </fieldPermissions>
    <fieldPermissions>
        <editable>true</editable>
        <field>Employee__c.Experience__c</field>
        <readable>true</readable>
    </fieldPermissions>
    <fieldPermissions>
        <editable>true</editable>
        <field>Employee__c.Primary_Skill__c</field>
        <readable>true</readable>
    </fieldPermissions>
    <fieldPermissions>
        <editable>true</editable>
        <field>Employee__c.Secondary_Skill__c</field>
        <readable>true</readable>
    </fieldPermissions>
    <fieldPermissions>
        <editable>true</editable>
        <field>Voucher__c.Active__c</field>
        <readable>true</readable>
    </fieldPermissions>
    <fieldPermissions>
        <editable>true</editable>
        <field>Voucher__c.Certification__c</field>
        <readable>true</readable>
    </fieldPermissions>
    <fieldPermissions>
        <editable>true</editable>
        <field>Voucher__c.Comments__c</field>
        <readable>true</readable>
    </fieldPermissions>
    <fieldPermissions>
        <editable>true</editable>
        <field>Voucher__c.IsTaken__c</field>
        <readable>true</readable>
    </fieldPermissions>
    <fieldPermissions>
        <editable>true</editable>
        <field>Voucher__c.Validity__c</field>
        <readable>true</readable>
    </fieldPermissions>
    <fieldPermissions>
        <editable>true</editable>
        <field>Voucher__c.Voucher_Cost__c</field>
        <readable>true</readable>
    </fieldPermissions>
    <userLicense>Salesforce</userLicense>
    <userPermissions>
        <enabled>true</enabled>
        <name>ActivitiesAccess</name>
    </userPermissions>
    <userPermissions>
        <enabled>true</enabled>
        <name>AllowViewKnowledge</name>
    </userPermissions>
    <userPermissions>
        <enabled>true</enabled>
        <name>ApexRestServices</name>
    </userPermissions>
    <userPermissions>
        <enabled>true</enabled>
        <name>ApiEnabled</name>
    </userPermissions>
    <userPermissions>
        <enabled>true</enabled>
        <name>AssignTopics</name>
    </userPermissions>
    <userPermissions>
        <enabled>true</enabled>
        <name>ChatterInternalUser</name>
    </userPermissions>
    <userPermissions>
        <enabled>true</enabled>
        <name>ChatterInviteExternalUsers</name>
    </userPermissions>
    <userPermissions>
        <enabled>true</enabled>
        <name>ChatterOwnGroups</name>
    </userPermissions>
    <userPermissions>
        <enabled>true</enabled>
        <name>ConvertLeads</name>
    </userPermissions>
    <userPermissions>
        <enabled>true</enabled>
        <name>CreateCustomizeFilters</name>
    </userPermissions>
    <userPermissions>
        <enabled>true</enabled>
        <name>CreateCustomizeReports</name>
    </userPermissions>
    <userPermissions>
        <enabled>true</enabled>
        <name>CreateTopics</name>
    </userPermissions>
    <userPermissions>
        <enabled>true</enabled>
        <name>DistributeFromPersWksp</name>
    </userPermissions>
    <userPermissions>
        <enabled>true</enabled>
        <name>EditEvent</name>
    </userPermissions>
    <userPermissions>
        <enabled>true</enabled>
        <name>EditOppLineItemUnitPrice</name>
    </userPermissions>
    <userPermissions>
        <enabled>true</enabled>
        <name>EditTask</name>
    </userPermissions>
    <userPermissions>
        <enabled>true</enabled>
        <name>EditTopics</name>
    </userPermissions>
    <userPermissions>
        <enabled>true</enabled>
        <name>EmailMass</name>
    </userPermissions>
    <userPermissions>
        <enabled>true</enabled>
        <name>EmailSingle</name>
    </userPermissions>
    <userPermissions>
        <enabled>true</enabled>
        <name>EnableNotifications</name>
    </userPermissions>
    <userPermissions>
        <enabled>true</enabled>
        <name>ExportReport</name>
    </userPermissions>
    <userPermissions>
        <enabled>true</enabled>
        <name>ImportPersonal</name>
    </userPermissions>
    <userPermissions>
        <enabled>true</enabled>
        <name>LightningConsoleAllowedForUser</name>
    </userPermissions>
    <userPermissions>
        <enabled>true</enabled>
        <name>ListEmailSend</name>
    </userPermissions>
    <userPermissions>
        <enabled>true</enabled>
        <name>ManageCases</name>
    </userPermissions>
    <userPermissions>
        <enabled>true</enabled>
        <name>ManageEncryptionKeys</name>
    </userPermissions>
    <userPermissions>
        <enabled>true</enabled>
        <name>ManageSolutions</name>
    </userPermissions>
    <userPermissions>
        <enabled>true</enabled>
        <name>RunReports</name>
    </userPermissions>
    <userPermissions>
        <enabled>true</enabled>
        <name>SelectFilesFromSalesforce</name>
    </userPermissions>
    <userPermissions>
        <enabled>true</enabled>
        <name>SendSitRequests</name>
    </userPermissions>
    <userPermissions>
        <enabled>true</enabled>
        <name>ShowCompanyNameAsUserBadge</name>
    </userPermissions>
    <userPermissions>
        <enabled>true</enabled>
        <name>SubmitMacrosAllowed</name>
    </userPermissions>
    <userPermissions>
        <enabled>true</enabled>
        <name>SubscribeToLightningReports</name>
    </userPermissions>
    <userPermissions>
        <enabled>true</enabled>
        <name>TransactionalEmailSend</name>
    </userPermissions>
    <userPermissions>
        <enabled>true</enabled>
        <name>TransferAnyCase</name>
    </userPermissions>
    <userPermissions>
        <enabled>true</enabled>
        <name>UseWebLink</name>
    </userPermissions>
    <userPermissions>
        <enabled>true</enabled>
        <name>ViewEventLogFiles</name>
    </userPermissions>
    <userPermissions>
        <enabled>true</enabled>
        <name>ViewHelpLink</name>
    </userPermissions>
    <userPermissions>
        <enabled>true</enabled>
        <name>ViewRoles</name>
    </userPermissions>
    <userPermissions>
        <enabled>true</enabled>
        <name>ViewSetup</name>
    </userPermissions>
</Profile>
