<?xml version="1.0" encoding="UTF-8"?>
<ApprovalProcess xmlns="http://soap.sforce.com/2006/04/metadata">
    <active>true</active>
    <allowRecall>false</allowRecall>
    <allowedSubmitters>
        <type>owner</type>
    </allowedSubmitters>
    <allowedSubmitters>
        <submitter>Sales_Users</submitter>
        <type>role</type>
    </allowedSubmitters>
    <approvalPageFields>
        <field>OrderNumber</field>
        <field>Owner</field>
    </approvalPageFields>
    <approvalStep>
        <allowDelegate>false</allowDelegate>
        <assignedApprover>
            <approver>
                <type>userHierarchyField</type>
            </approver>
        </assignedApprover>
        <label>Step 1</label>
        <name>Step_1</name>
    </approvalStep>
    <enableMobileDeviceAccess>false</enableMobileDeviceAccess>
    <entryCriteria>
        <criteriaItems>
            <field>Order.TotalAmount</field>
            <operation>greaterOrEqual</operation>
            <value>100000</value>
        </criteriaItems>
    </entryCriteria>
    <finalApprovalActions>
        <action>
            <name>Status_to_Invoice</name>
            <type>FieldUpdate</type>
        </action>
    </finalApprovalActions>
    <finalApprovalRecordLock>false</finalApprovalRecordLock>
    <finalRejectionActions>
        <action>
            <name>Status_to_Cancelled</name>
            <type>FieldUpdate</type>
        </action>
    </finalRejectionActions>
    <finalRejectionRecordLock>false</finalRejectionRecordLock>
    <initialSubmissionActions>
        <action>
            <name>Status_to_In_process</name>
            <type>FieldUpdate</type>
        </action>
    </initialSubmissionActions>
    <label>Order Approval</label>
    <nextAutomatedApprover>
        <useApproverFieldOfRecordOwner>false</useApproverFieldOfRecordOwner>
        <userHierarchyField>Manager</userHierarchyField>
    </nextAutomatedApprover>
    <processOrder>1</processOrder>
    <recordEditability>AdminOnly</recordEditability>
    <showApprovalHistory>true</showApprovalHistory>
</ApprovalProcess>
