[{"_allAttributes":null,"_properties":null,"_methods":null,"file":"d:/Salesforce Training/CarManuV1.1/force-app/main/default/lwc/campaignTab/campaignTab.js","metadata":{"decorators":[{"type":"wire","targets":[{"name":"result","adapter":{"name":"getProfileId","reference":"@salesforce/apex/UserChecker.getProfileId"},"type":"method"}]}],"declarationLoc":{"start":{"line":14,"column":0},"end":{"line":84,"column":1}},"classMembers":[{"type":"property","name":"isLoading","loc":{"start":{"line":15,"column":4},"end":{"line":15,"column":21}}},{"type":"property","name":"options","loc":{"start":{"line":16,"column":4},"end":{"line":16,"column":22}}},{"type":"property","name":"columns","loc":{"start":{"line":17,"column":4},"end":{"line":17,"column":22}}},{"type":"property","name":"type","loc":{"start":{"line":18,"column":4},"end":{"line":18,"column":18}}},{"type":"property","name":"term","loc":{"start":{"line":19,"column":4},"end":{"line":19,"column":14}}},{"type":"method","name":"result","loc":{"start":{"line":24,"column":4},"end":{"line":29,"column":5}},"decorator":"wire"},{"type":"property","name":"objectname","loc":{"start":{"line":21,"column":4},"end":{"line":21,"column":28}}},{"type":"property","name":"objectapiname","loc":{"start":{"line":22,"column":4},"end":{"line":22,"column":31}}},{"type":"property","name":"profileId","loc":{"start":{"line":23,"column":4},"end":{"line":23,"column":14}}},{"type":"property","name":"canCreate","loc":{"start":{"line":30,"column":4},"end":{"line":32,"column":5}}},{"type":"method","name":"handleType","loc":{"start":{"line":33,"column":4},"end":{"line":36,"column":5}}},{"type":"method","name":"handleSearch","loc":{"start":{"line":37,"column":4},"end":{"line":40,"column":5}}},{"type":"method","name":"handleResult","loc":{"start":{"line":42,"column":4},"end":{"line":59,"column":5}}},{"type":"method","name":"handleAction","loc":{"start":{"line":61,"column":4},"end":{"line":66,"column":5}}},{"type":"method","name":"formatResult","loc":{"start":{"line":68,"column":4},"end":{"line":83,"column":5}}}],"exports":[{"type":"ExportDefaultDeclaration"}]},"updatedAt":"2022-08-07T07:36:06.407Z"},{"_allAttributes":null,"_properties":null,"_methods":null,"file":"d:/Salesforce Training/CarManuV1.1/force-app/main/default/lwc/campaignView/campaignView.js","metadata":{"decorators":[{"type":"api","targets":[{"type":"property","name":"viewrecordid","value":{"type":"unresolved"}}]}],"declarationLoc":{"start":{"line":2,"column":0},"end":{"line":9,"column":1}},"classMembers":[{"type":"property","name":"viewrecordid","loc":{"start":{"line":4,"column":4},"end":{"line":4,"column":22}},"decorator":"api","value":{"type":"unresolved"}},{"type":"property","name":"apiName","loc":{"start":{"line":5,"column":4},"end":{"line":5,"column":25}}},{"type":"method","name":"handleBackHome","loc":{"start":{"line":6,"column":4},"end":{"line":8,"column":5}}}],"exports":[{"type":"ExportDefaultDeclaration"}]},"updatedAt":"2022-08-07T07:36:06.290Z"},{"_allAttributes":null,"_properties":null,"_methods":null,"file":"d:/Salesforce Training/CarManuV1.1/force-app/main/default/lwc/carBookingTab/carBookingTab.js","metadata":{"decorators":[{"type":"wire","targets":[{"name":"result","adapter":{"name":"getProfileId","reference":"@salesforce/apex/UserChecker.getProfileId"},"type":"method"}]}],"declarationLoc":{"start":{"line":19,"column":0},"end":{"line":99,"column":1}},"classMembers":[{"type":"property","name":"isLoading","loc":{"start":{"line":20,"column":5},"end":{"line":20,"column":22}}},{"type":"property","name":"options","loc":{"start":{"line":21,"column":4},"end":{"line":21,"column":22}}},{"type":"property","name":"columns","loc":{"start":{"line":22,"column":4},"end":{"line":22,"column":22}}},{"type":"property","name":"type","loc":{"start":{"line":23,"column":4},"end":{"line":23,"column":18}}},{"type":"property","name":"term","loc":{"start":{"line":24,"column":4},"end":{"line":24,"column":14}}},{"type":"method","name":"result","loc":{"start":{"line":29,"column":4},"end":{"line":34,"column":5}},"decorator":"wire"},{"type":"property","name":"objectname","loc":{"start":{"line":26,"column":4},"end":{"line":26,"column":31}}},{"type":"property","name":"objectapiname","loc":{"start":{"line":27,"column":4},"end":{"line":27,"column":37}}},{"type":"property","name":"profileId","loc":{"start":{"line":28,"column":4},"end":{"line":28,"column":14}}},{"type":"property","name":"canCreate","loc":{"start":{"line":35,"column":4},"end":{"line":37,"column":5}}},{"type":"method","name":"handleType","loc":{"start":{"line":38,"column":4},"end":{"line":41,"column":5}}},{"type":"method","name":"handleSearch","loc":{"start":{"line":42,"column":4},"end":{"line":45,"column":5}}},{"type":"method","name":"handleResult","loc":{"start":{"line":47,"column":4},"end":{"line":74,"column":5}}},{"type":"method","name":"handleAction","loc":{"start":{"line":76,"column":4},"end":{"line":81,"column":5}}},{"type":"method","name":"formatResult","loc":{"start":{"line":83,"column":4},"end":{"line":98,"column":5}}}],"exports":[{"type":"ExportDefaultDeclaration"}]},"updatedAt":"2022-08-07T07:36:06.446Z"},{"_allAttributes":null,"_properties":null,"_methods":null,"file":"d:/Salesforce Training/CarManuV1.1/force-app/main/default/lwc/carBookingView/carBookingView.js","metadata":{"decorators":[{"type":"api","targets":[{"type":"property","name":"viewrecordid","value":{"type":"unresolved"}},{"type":"property","name":"customizations","value":{"type":"unresolved"}},{"type":"property","name":"bookingstage","value":{"type":"unresolved"}},{"type":"property","name":"bookingaccount","value":{"type":"unresolved"}},{"type":"property","name":"bookingcontact","value":{"type":"unresolved"}},{"type":"property","name":"bookingcontactemail","value":{"type":"unresolved"}},{"type":"property","name":"bookingcontactno","value":{"type":"unresolved"}}]},{"type":"wire","targets":[{"name":"result","adapter":{"name":"getProfileId","reference":"@salesforce/apex/UserChecker.getProfileId"},"type":"method"}]}],"declarationLoc":{"start":{"line":44,"column":0},"end":{"line":355,"column":1}},"classMembers":[{"type":"property","name":"viewrecordid","loc":{"start":{"line":45,"column":4},"end":{"line":45,"column":22}},"decorator":"api","value":{"type":"unresolved"}},{"type":"property","name":"customizations","loc":{"start":{"line":46,"column":4},"end":{"line":46,"column":24}},"decorator":"api","value":{"type":"unresolved"}},{"type":"property","name":"bookingstage","loc":{"start":{"line":47,"column":4},"end":{"line":47,"column":22}},"decorator":"api","value":{"type":"unresolved"}},{"type":"property","name":"bookingaccount","loc":{"start":{"line":48,"column":4},"end":{"line":48,"column":24}},"decorator":"api","value":{"type":"unresolved"}},{"type":"property","name":"bookingcontact","loc":{"start":{"line":49,"column":4},"end":{"line":49,"column":24}},"decorator":"api","value":{"type":"unresolved"}},{"type":"property","name":"bookingcontactemail","loc":{"start":{"line":50,"column":4},"end":{"line":50,"column":29}},"decorator":"api","value":{"type":"unresolved"}},{"type":"property","name":"bookingcontactno","loc":{"start":{"line":51,"column":4},"end":{"line":51,"column":26}},"decorator":"api","value":{"type":"unresolved"}},{"type":"property","name":"partsFields","loc":{"start":{"line":52,"column":4},"end":{"line":52,"column":30}}},{"type":"property","name":"apiName","loc":{"start":{"line":53,"column":4},"end":{"line":53,"column":31}}},{"type":"property","name":"customizationToEdit","loc":{"start":{"line":54,"column":4},"end":{"line":54,"column":27}}},{"type":"property","name":"isLoading","loc":{"start":{"line":55,"column":4},"end":{"line":55,"column":22}}},{"type":"property","name":"isEdit","loc":{"start":{"line":56,"column":4},"end":{"line":56,"column":19}}},{"type":"property","name":"isCompanyExecutiveId","loc":{"start":{"line":57,"column":4},"end":{"line":57,"column":32}}},{"type":"property","name":"isFactoryExecutiveId","loc":{"start":{"line":58,"column":4},"end":{"line":58,"column":32}}},{"type":"property","name":"isQualityAnalystId","loc":{"start":{"line":59,"column":4},"end":{"line":59,"column":30}}},{"type":"property","name":"isSalesExecutiveId","loc":{"start":{"line":60,"column":4},"end":{"line":60,"column":30}}},{"type":"property","name":"isDigitalMarketersId","loc":{"start":{"line":61,"column":4},"end":{"line":61,"column":32}}},{"type":"property","name":"isCarDealersId","loc":{"start":{"line":62,"column":4},"end":{"line":62,"column":26}}},{"type":"property","name":"isCustomerServiceRepId","loc":{"start":{"line":63,"column":4},"end":{"line":63,"column":34}}},{"type":"property","name":"profileId","loc":{"start":{"line":64,"column":4},"end":{"line":64,"column":14}}},{"type":"property","name":"showModal","loc":{"start":{"line":65,"column":4},"end":{"line":65,"column":22}}},{"type":"property","name":"showEditModal","loc":{"start":{"line":66,"column":4},"end":{"line":66,"column":26}}},{"type":"method","name":"result","loc":{"start":{"line":67,"column":5},"end":{"line":78,"column":5}},"decorator":"wire"},{"type":"property","name":"mode","loc":{"start":{"line":79,"column":4},"end":{"line":81,"column":5}}},{"type":"property","name":"canCustomize","loc":{"start":{"line":82,"column":4},"end":{"line":84,"column":5}}},{"type":"property","name":"isInSales","loc":{"start":{"line":85,"column":4},"end":{"line":87,"column":5}}},{"type":"property","name":"isInPayment","loc":{"start":{"line":88,"column":4},"end":{"line":90,"column":5}}},{"type":"property","name":"isInPending","loc":{"start":{"line":91,"column":4},"end":{"line":93,"column":5}}},{"type":"property","name":"isInApproved","loc":{"start":{"line":94,"column":4},"end":{"line":96,"column":5}}},{"type":"property","name":"isInToShip","loc":{"start":{"line":97,"column":4},"end":{"line":99,"column":5}}},{"type":"property","name":"isInShipping","loc":{"start":{"line":100,"column":4},"end":{"line":102,"column":5}}},{"type":"property","name":"isInDelivered","loc":{"start":{"line":103,"column":4},"end":{"line":105,"column":5}}},{"type":"property","name":"customizationColumns","loc":{"start":{"line":106,"column":4},"end":{"line":108,"column":5}}},{"type":"method","name":"handleBackHome","loc":{"start":{"line":109,"column":4},"end":{"line":111,"column":5}}},{"type":"method","name":"handleNew","loc":{"start":{"line":113,"column":4},"end":{"line":115,"column":5}}},{"type":"method","name":"handleCloseModal","loc":{"start":{"line":116,"column":4},"end":{"line":118,"column":5}}},{"type":"method","name":"handleSuccess","loc":{"start":{"line":119,"column":4},"end":{"line":132,"column":5}}},{"type":"method","name":"handleRow","loc":{"start":{"line":133,"column":4},"end":{"line":157,"column":5}}},{"type":"method","name":"handleEdit","loc":{"start":{"line":158,"column":4},"end":{"line":161,"column":5}}},{"type":"method","name":"handleCloseEditModal","loc":{"start":{"line":162,"column":4},"end":{"line":166,"column":5}}},{"type":"method","name":"handleSuccessEditModal","loc":{"start":{"line":167,"column":4},"end":{"line":182,"column":5}}},{"type":"method","name":"handleChecks","loc":{"start":{"line":183,"column":4},"end":{"line":209,"column":5}}},{"type":"method","name":"handleApproval","loc":{"start":{"line":210,"column":4},"end":{"line":229,"column":5}}},{"type":"method","name":"handleApprove","loc":{"start":{"line":230,"column":4},"end":{"line":249,"column":5}}},{"type":"method","name":"handleReject","loc":{"start":{"line":250,"column":4},"end":{"line":269,"column":5}}},{"type":"method","name":"handleToShip","loc":{"start":{"line":270,"column":4},"end":{"line":289,"column":5}}},{"type":"method","name":"handleShipping","loc":{"start":{"line":290,"column":4},"end":{"line":309,"column":5}}},{"type":"method","name":"handleDelivered","loc":{"start":{"line":310,"column":4},"end":{"line":329,"column":5}}},{"type":"method","name":"handleNewCase","loc":{"start":{"line":330,"column":4},"end":{"line":348,"column":5}}},{"type":"method","name":"handleCloseCase","loc":{"start":{"line":349,"column":5},"end":{"line":351,"column":5}}},{"type":"method","name":"handleSuccessCase","loc":{"start":{"line":352,"column":5},"end":{"line":354,"column":5}}}],"exports":[{"type":"ExportDefaultDeclaration"}]},"updatedAt":"2022-08-07T07:36:06.495Z"},{"_allAttributes":null,"_properties":null,"_methods":null,"file":"d:/Salesforce Training/CarManuV1.1/force-app/main/default/lwc/carModelTab/carModelTab.js","metadata":{"decorators":[{"type":"wire","targets":[{"name":"result","adapter":{"name":"getProfileId","reference":"@salesforce/apex/UserChecker.getProfileId"},"type":"method"}]}],"declarationLoc":{"start":{"line":31,"column":0},"end":{"line":124,"column":1}},"classMembers":[{"type":"property","name":"fields","loc":{"start":{"line":32,"column":4},"end":{"line":32,"column":20}}},{"type":"property","name":"isLoading","loc":{"start":{"line":33,"column":4},"end":{"line":33,"column":21}}},{"type":"property","name":"options","loc":{"start":{"line":34,"column":4},"end":{"line":34,"column":22}}},{"type":"property","name":"columns","loc":{"start":{"line":35,"column":4},"end":{"line":35,"column":22}}},{"type":"property","name":"type","loc":{"start":{"line":36,"column":4},"end":{"line":36,"column":18}}},{"type":"property","name":"term","loc":{"start":{"line":37,"column":4},"end":{"line":37,"column":14}}},{"type":"method","name":"result","loc":{"start":{"line":42,"column":4},"end":{"line":47,"column":5}},"decorator":"wire"},{"type":"property","name":"profileId","loc":{"start":{"line":39,"column":4},"end":{"line":39,"column":14}}},{"type":"property","name":"objectname","loc":{"start":{"line":40,"column":4},"end":{"line":40,"column":29}}},{"type":"property","name":"objectapiname","loc":{"start":{"line":41,"column":4},"end":{"line":41,"column":35}}},{"type":"property","name":"canCreate","loc":{"start":{"line":48,"column":4},"end":{"line":50,"column":5}}},{"type":"method","name":"handleType","loc":{"start":{"line":51,"column":4},"end":{"line":54,"column":5}}},{"type":"method","name":"handleSearch","loc":{"start":{"line":55,"column":4},"end":{"line":58,"column":5}}},{"type":"method","name":"handleResult","loc":{"start":{"line":60,"column":4},"end":{"line":96,"column":5}}},{"type":"method","name":"handleAction","loc":{"start":{"line":98,"column":4},"end":{"line":105,"column":5}}},{"type":"method","name":"formatResult","loc":{"start":{"line":107,"column":4},"end":{"line":123,"column":5}}}],"exports":[{"type":"ExportDefaultDeclaration"}]},"updatedAt":"2022-08-07T07:36:06.460Z"},{"_allAttributes":null,"_properties":null,"_methods":null,"file":"d:/Salesforce Training/CarManuV1.1/force-app/main/default/lwc/carModelView/carModelView.js","metadata":{"decorators":[{"type":"api","targets":[{"type":"property","name":"viewrecordid","value":{"type":"unresolved"}},{"type":"property","name":"modelstage","value":{"type":"unresolved"}},{"type":"property","name":"attachments","value":{"type":"unresolved"}}]},{"type":"wire","targets":[{"name":"result","adapter":{"name":"getProfileId","reference":"@salesforce/apex/UserChecker.getProfileId"},"type":"method"}]}],"exports":[{"type":"ExportDefaultDeclaration"}]},"updatedAt":"2022-08-07T07:36:06.435Z"},{"_allAttributes":null,"_properties":null,"_methods":null,"file":"d:/Salesforce Training/CarManuV1.1/force-app/main/default/lwc/carTab/carTab.js","metadata":{"decorators":[{"type":"wire","targets":[{"name":"result","adapter":{"name":"getProfileId","reference":"@salesforce/apex/UserChecker.getProfileId"},"type":"method"}]}],"declarationLoc":{"start":{"line":54,"column":0},"end":{"line":180,"column":1}},"classMembers":[{"type":"property","name":"fields","loc":{"start":{"line":55,"column":4},"end":{"line":55,"column":19}}},{"type":"property","name":"isLoading","loc":{"start":{"line":56,"column":4},"end":{"line":56,"column":21}}},{"type":"property","name":"options","loc":{"start":{"line":57,"column":4},"end":{"line":57,"column":22}}},{"type":"property","name":"columns","loc":{"start":{"line":58,"column":4},"end":{"line":58,"column":22}}},{"type":"property","name":"type","loc":{"start":{"line":59,"column":4},"end":{"line":59,"column":18}}},{"type":"property","name":"term","loc":{"start":{"line":60,"column":4},"end":{"line":60,"column":14}}},{"type":"method","name":"result","loc":{"start":{"line":65,"column":4},"end":{"line":75,"column":5}},"decorator":"wire"},{"type":"property","name":"objectname","loc":{"start":{"line":62,"column":4},"end":{"line":62,"column":23}}},{"type":"property","name":"objectapiname","loc":{"start":{"line":63,"column":4},"end":{"line":63,"column":29}}},{"type":"property","name":"profileId","loc":{"start":{"line":64,"column":4},"end":{"line":64,"column":14}}},{"type":"property","name":"canCreate","loc":{"start":{"line":76,"column":4},"end":{"line":78,"column":5}}},{"type":"method","name":"handleType","loc":{"start":{"line":79,"column":4},"end":{"line":82,"column":5}}},{"type":"method","name":"handleSearch","loc":{"start":{"line":83,"column":4},"end":{"line":86,"column":5}}},{"type":"method","name":"handleResult","loc":{"start":{"line":88,"column":4},"end":{"line":151,"column":5}}},{"type":"method","name":"handleAction","loc":{"start":{"line":153,"column":4},"end":{"line":158,"column":5}}},{"type":"method","name":"formatResult","loc":{"start":{"line":160,"column":4},"end":{"line":179,"column":5}}}],"exports":[{"type":"ExportDefaultDeclaration"}]},"updatedAt":"2022-08-07T07:36:06.402Z"},{"_allAttributes":null,"_properties":null,"_methods":null,"file":"d:/Salesforce Training/CarManuV1.1/force-app/main/default/lwc/carView/carView.js","metadata":{"decorators":[{"type":"api","targets":[{"type":"property","name":"viewrecordid","value":{"type":"unresolved"}}]},{"type":"wire","targets":[{"name":"result","adapter":{"name":"getProfileId","reference":"@salesforce/apex/UserChecker.getProfileId"},"type":"method"}]}],"declarationLoc":{"start":{"line":25,"column":0},"end":{"line":58,"column":1}},"classMembers":[{"type":"property","name":"viewrecordid","loc":{"start":{"line":26,"column":4},"end":{"line":26,"column":22}},"decorator":"api","value":{"type":"unresolved"}},{"type":"property","name":"apiName","loc":{"start":{"line":27,"column":4},"end":{"line":27,"column":23}}},{"type":"property","name":"profileId","loc":{"start":{"line":28,"column":4},"end":{"line":28,"column":14}}},{"type":"property","name":"isCompanyExecutiveId","loc":{"start":{"line":29,"column":4},"end":{"line":29,"column":32}}},{"type":"property","name":"isFactoryExecutiveId","loc":{"start":{"line":30,"column":4},"end":{"line":30,"column":32}}},{"type":"property","name":"isQualityAnalystId","loc":{"start":{"line":31,"column":4},"end":{"line":31,"column":30}}},{"type":"property","name":"isSalesExecutiveId","loc":{"start":{"line":32,"column":4},"end":{"line":32,"column":30}}},{"type":"property","name":"isDigitalMarketersId","loc":{"start":{"line":33,"column":4},"end":{"line":33,"column":32}}},{"type":"property","name":"isCarDealersId","loc":{"start":{"line":34,"column":4},"end":{"line":34,"column":26}}},{"type":"property","name":"isCustomerServiceRepId","loc":{"start":{"line":35,"column":4},"end":{"line":35,"column":34}}},{"type":"method","name":"result","loc":{"start":{"line":36,"column":4},"end":{"line":47,"column":5}},"decorator":"wire"},{"type":"property","name":"mode","loc":{"start":{"line":48,"column":4},"end":{"line":50,"column":5}}},{"type":"property","name":"viewFields","loc":{"start":{"line":52,"column":4},"end":{"line":54,"column":5}}},{"type":"method","name":"handleBackHome","loc":{"start":{"line":55,"column":4},"end":{"line":57,"column":5}}}],"exports":[{"type":"ExportDefaultDeclaration"}]},"updatedAt":"2022-08-07T07:36:06.411Z"},{"_allAttributes":null,"_properties":null,"_methods":null,"file":"d:/Salesforce Training/CarManuV1.1/force-app/main/default/lwc/main/main.js","metadata":{"decorators":[{"type":"wire","targets":[{"name":"result","adapter":{"name":"getProfileId","reference":"@salesforce/apex/UserChecker.getProfileId"},"type":"method"}]}],"declarationLoc":{"start":{"line":27,"column":0},"end":{"line":150,"column":1}},"classMembers":[{"type":"property","name":"template","loc":{"start":{"line":29,"column":4},"end":{"line":29,"column":28}}},{"type":"property","name":"recordId","loc":{"start":{"line":30,"column":4},"end":{"line":30,"column":13}}},{"type":"property","name":"modelstage","loc":{"start":{"line":31,"column":4},"end":{"line":31,"column":15}}},{"type":"property","name":"attachments","loc":{"start":{"line":32,"column":4},"end":{"line":32,"column":16}}},{"type":"property","name":"customizations","loc":{"start":{"line":33,"column":4},"end":{"line":33,"column":19}}},{"type":"property","name":"bookingstage","loc":{"start":{"line":34,"column":4},"end":{"line":34,"column":17}}},{"type":"property","name":"bookingaccount","loc":{"start":{"line":35,"column":4},"end":{"line":35,"column":19}}},{"type":"property","name":"bookingcontact","loc":{"start":{"line":36,"column":4},"end":{"line":36,"column":19}}},{"type":"property","name":"bookingcontactemail","loc":{"start":{"line":37,"column":4},"end":{"line":37,"column":24}}},{"type":"property","name":"bookingcontactno","loc":{"start":{"line":38,"column":4},"end":{"line":38,"column":21}}},{"type":"property","name":"leadstatus","loc":{"start":{"line":39,"column":4},"end":{"line":39,"column":15}}},{"type":"property","name":"leadcompany","loc":{"start":{"line":40,"column":4},"end":{"line":40,"column":16}}},{"type":"property","name":"isLoading","loc":{"start":{"line":41,"column":4},"end":{"line":41,"column":22}}},{"type":"property","name":"isCompanyExecutiveId","loc":{"start":{"line":42,"column":4},"end":{"line":42,"column":32}}},{"type":"property","name":"isFactoryExecutiveId","loc":{"start":{"line":43,"column":4},"end":{"line":43,"column":32}}},{"type":"property","name":"isQualityAnalystId","loc":{"start":{"line":44,"column":4},"end":{"line":44,"column":30}}},{"type":"property","name":"isSalesExecutiveId","loc":{"start":{"line":45,"column":4},"end":{"line":45,"column":30}}},{"type":"property","name":"isDigitalMarketersId","loc":{"start":{"line":46,"column":4},"end":{"line":46,"column":32}}},{"type":"property","name":"isCarDealersId","loc":{"start":{"line":47,"column":4},"end":{"line":47,"column":26}}},{"type":"property","name":"isCustomerServiceRepId","loc":{"start":{"line":48,"column":4},"end":{"line":48,"column":34}}},{"type":"property","name":"profileId","loc":{"start":{"line":49,"column":4},"end":{"line":49,"column":14}}},{"type":"method","name":"result","loc":{"start":{"line":50,"column":4},"end":{"line":61,"column":5}},"decorator":"wire"},{"type":"method","name":"handleBackHome","loc":{"start":{"line":62,"column":4},"end":{"line":66,"column":5}}},{"type":"method","name":"handleView","loc":{"start":{"line":67,"column":4},"end":{"line":70,"column":5}}},{"type":"method","name":"handleViewModel","loc":{"start":{"line":71,"column":4},"end":{"line":83,"column":5}}},{"type":"method","name":"formatAttachmentResults","loc":{"start":{"line":84,"column":4},"end":{"line":97,"column":5}}},{"type":"method","name":"handleViewCampaign","loc":{"start":{"line":98,"column":4},"end":{"line":101,"column":5}}},{"type":"method","name":"handleViewAccount","loc":{"start":{"line":102,"column":4},"end":{"line":105,"column":5}}},{"type":"method","name":"handleViewContact","loc":{"start":{"line":106,"column":4},"end":{"line":109,"column":5}}},{"type":"method","name":"handleViewLead","loc":{"start":{"line":110,"column":4},"end":{"line":121,"column":5}}},{"type":"method","name":"handleViewCase","loc":{"start":{"line":122,"column":4},"end":{"line":125,"column":5}}},{"type":"method","name":"handleViewCarBookingRecord","loc":{"start":{"line":126,"column":4},"end":{"line":145,"column":5}}},{"type":"method","name":"render","loc":{"start":{"line":146,"column":4},"end":{"line":148,"column":5}}}],"exports":[{"type":"ExportDefaultDeclaration"}]},"updatedAt":"2022-08-07T07:36:06.394Z"},{"_allAttributes":null,"_properties":null,"_methods":null,"file":"d:/Salesforce Training/CarManuV1.1/force-app/main/default/lwc/viewObjects/viewObjects.js","metadata":{"decorators":[{"type":"api","targets":[{"type":"property","name":"result","value":{"type":"unresolved"}},{"type":"property","name":"columns","value":{"type":"unresolved"}},{"type":"property","name":"searchbyoptions","value":{"type":"unresolved"}},{"type":"property","name":"isloading","value":{"type":"unresolved"}},{"type":"property","name":"objectname","value":{"type":"unresolved"}},{"type":"property","name":"objectapiname","value":{"type":"unresolved"}},{"type":"property","name":"cancreate","value":{"type":"unresolved"}}]}],"declarationLoc":{"start":{"line":3,"column":0},"end":{"line":36,"column":1}},"classMembers":[{"type":"property","name":"result","loc":{"start":{"line":5,"column":4},"end":{"line":5,"column":16}},"decorator":"api","value":{"type":"unresolved"}},{"type":"property","name":"columns","loc":{"start":{"line":6,"column":4},"end":{"line":6,"column":17}},"decorator":"api","value":{"type":"unresolved"}},{"type":"property","name":"searchbyoptions","loc":{"start":{"line":7,"column":4},"end":{"line":7,"column":25}},"decorator":"api","value":{"type":"unresolved"}},{"type":"property","name":"isloading","loc":{"start":{"line":8,"column":4},"end":{"line":8,"column":19}},"decorator":"api","value":{"type":"unresolved"}},{"type":"property","name":"objectname","loc":{"start":{"line":9,"column":4},"end":{"line":9,"column":20}},"decorator":"api","value":{"type":"unresolved"}},{"type":"property","name":"objectapiname","loc":{"start":{"line":10,"column":4},"end":{"line":10,"column":23}},"decorator":"api","value":{"type":"unresolved"}},{"type":"property","name":"cancreate","loc":{"start":{"line":11,"column":4},"end":{"line":11,"column":19}},"decorator":"api","value":{"type":"unresolved"}},{"type":"property","name":"showModal","loc":{"start":{"line":12,"column":4},"end":{"line":12,"column":22}}},{"type":"method","name":"handleSearch","loc":{"start":{"line":13,"column":4},"end":{"line":15,"column":5}}},{"type":"method","name":"handleType","loc":{"start":{"line":16,"column":4},"end":{"line":18,"column":5}}},{"type":"method","name":"handleActions","loc":{"start":{"line":19,"column":4},"end":{"line":21,"column":5}}},{"type":"method","name":"handleNew","loc":{"start":{"line":22,"column":4},"end":{"line":24,"column":5}}},{"type":"method","name":"handleCloseModal","loc":{"start":{"line":25,"column":4},"end":{"line":27,"column":5}}},{"type":"method","name":"handleSucess","loc":{"start":{"line":28,"column":4},"end":{"line":35,"column":5}}}],"exports":[{"type":"ExportDefaultDeclaration"}]},"updatedAt":"2022-08-07T07:36:06.489Z"},{"_allAttributes":null,"_properties":null,"_methods":null,"file":"d:/Salesforce Training/CarManuV1.1/force-app/main/default/lwc/accountTab/accountTab.js","metadata":{"decorators":[{"type":"wire","targets":[{"name":"result","adapter":{"name":"getProfileId","reference":"@salesforce/apex/UserChecker.getProfileId"},"type":"method"}]}],"declarationLoc":{"start":{"line":15,"column":0},"end":{"line":97,"column":1}},"classMembers":[{"type":"property","name":"isLoading","loc":{"start":{"line":16,"column":4},"end":{"line":16,"column":21}}},{"type":"property","name":"options","loc":{"start":{"line":17,"column":4},"end":{"line":17,"column":22}}},{"type":"property","name":"columns","loc":{"start":{"line":18,"column":4},"end":{"line":18,"column":22}}},{"type":"property","name":"type","loc":{"start":{"line":19,"column":4},"end":{"line":19,"column":18}}},{"type":"property","name":"term","loc":{"start":{"line":20,"column":4},"end":{"line":20,"column":14}}},{"type":"method","name":"result","loc":{"start":{"line":25,"column":4},"end":{"line":30,"column":5}},"decorator":"wire"},{"type":"property","name":"objectname","loc":{"start":{"line":22,"column":4},"end":{"line":22,"column":27}}},{"type":"property","name":"objectapiname","loc":{"start":{"line":23,"column":4},"end":{"line":23,"column":30}}},{"type":"property","name":"profileId","loc":{"start":{"line":24,"column":4},"end":{"line":24,"column":14}}},{"type":"property","name":"canCreate","loc":{"start":{"line":31,"column":4},"end":{"line":33,"column":5}}},{"type":"method","name":"handleType","loc":{"start":{"line":34,"column":4},"end":{"line":37,"column":5}}},{"type":"method","name":"handleSearch","loc":{"start":{"line":38,"column":4},"end":{"line":41,"column":5}}},{"type":"method","name":"handleResult","loc":{"start":{"line":43,"column":4},"end":{"line":73,"column":5}}},{"type":"method","name":"handleAction","loc":{"start":{"line":75,"column":4},"end":{"line":80,"column":5}}},{"type":"method","name":"formatResult","loc":{"start":{"line":82,"column":4},"end":{"line":96,"column":5}}}],"exports":[{"type":"ExportDefaultDeclaration"}]},"updatedAt":"2022-08-07T07:36:06.480Z"},{"_allAttributes":null,"_properties":null,"_methods":null,"file":"d:/Salesforce Training/CarManuV1.1/force-app/main/default/lwc/accountView/accountView.js","metadata":{"decorators":[{"type":"api","targets":[{"type":"property","name":"viewrecordid","value":{"type":"unresolved"}}]}],"declarationLoc":{"start":{"line":3,"column":0},"end":{"line":9,"column":1}},"classMembers":[{"type":"property","name":"viewrecordid","loc":{"start":{"line":4,"column":4},"end":{"line":4,"column":22}},"decorator":"api","value":{"type":"unresolved"}},{"type":"property","name":"apiName","loc":{"start":{"line":5,"column":4},"end":{"line":5,"column":24}}},{"type":"method","name":"handleBackHome","loc":{"start":{"line":6,"column":4},"end":{"line":8,"column":5}}}],"exports":[{"type":"ExportDefaultDeclaration"}]},"updatedAt":"2022-08-07T07:36:06.467Z"},{"_allAttributes":null,"_properties":null,"_methods":null,"file":"d:/Salesforce Training/CarManuV1.1/force-app/main/default/lwc/caseTab/caseTab.js","metadata":{"decorators":[{"type":"wire","targets":[{"name":"result","adapter":{"name":"getProfileId","reference":"@salesforce/apex/UserChecker.getProfileId"},"type":"method"}]}],"declarationLoc":{"start":{"line":15,"column":0},"end":{"line":94,"column":1}},"classMembers":[{"type":"property","name":"isLoading","loc":{"start":{"line":16,"column":4},"end":{"line":16,"column":21}}},{"type":"property","name":"options","loc":{"start":{"line":17,"column":4},"end":{"line":17,"column":22}}},{"type":"property","name":"columns","loc":{"start":{"line":18,"column":4},"end":{"line":18,"column":22}}},{"type":"property","name":"type","loc":{"start":{"line":19,"column":4},"end":{"line":19,"column":18}}},{"type":"property","name":"term","loc":{"start":{"line":20,"column":4},"end":{"line":20,"column":14}}},{"type":"method","name":"result","loc":{"start":{"line":25,"column":4},"end":{"line":30,"column":5}},"decorator":"wire"},{"type":"property","name":"objectname","loc":{"start":{"line":22,"column":4},"end":{"line":22,"column":24}}},{"type":"property","name":"objectapiname","loc":{"start":{"line":23,"column":4},"end":{"line":23,"column":27}}},{"type":"property","name":"profileId","loc":{"start":{"line":24,"column":4},"end":{"line":24,"column":14}}},{"type":"property","name":"canCreate","loc":{"start":{"line":31,"column":4},"end":{"line":33,"column":5}}},{"type":"method","name":"handleType","loc":{"start":{"line":34,"column":4},"end":{"line":37,"column":5}}},{"type":"method","name":"handleSearch","loc":{"start":{"line":38,"column":4},"end":{"line":41,"column":5}}},{"type":"method","name":"handleResult","loc":{"start":{"line":43,"column":4},"end":{"line":70,"column":5}}},{"type":"method","name":"handleAction","loc":{"start":{"line":72,"column":4},"end":{"line":77,"column":5}}},{"type":"method","name":"formatResult","loc":{"start":{"line":79,"column":4},"end":{"line":93,"column":5}}}],"exports":[{"type":"ExportDefaultDeclaration"}]},"updatedAt":"2022-08-07T07:36:06.455Z"},{"_allAttributes":null,"_properties":null,"_methods":null,"file":"d:/Salesforce Training/CarManuV1.1/force-app/main/default/lwc/caseView/caseView.js","metadata":{"decorators":[{"type":"api","targets":[{"type":"property","name":"viewrecordid","value":{"type":"unresolved"}}]}],"declarationLoc":{"start":{"line":3,"column":0},"end":{"line":9,"column":1}},"classMembers":[{"type":"property","name":"viewrecordid","loc":{"start":{"line":4,"column":5},"end":{"line":4,"column":23}},"decorator":"api","value":{"type":"unresolved"}},{"type":"property","name":"apiName","loc":{"start":{"line":5,"column":4},"end":{"line":5,"column":21}}},{"type":"method","name":"handleBackHome","loc":{"start":{"line":6,"column":4},"end":{"line":8,"column":5}}}],"exports":[{"type":"ExportDefaultDeclaration"}]},"updatedAt":"2022-08-07T07:36:06.473Z"},{"_allAttributes":null,"_properties":null,"_methods":null,"file":"d:/Salesforce Training/CarManuV1.1/force-app/main/default/lwc/contactTab/contactTab.js","metadata":{"decorators":[{"type":"wire","targets":[{"name":"result","adapter":{"name":"getProfileId","reference":"@salesforce/apex/UserChecker.getProfileId"},"type":"method"}]}],"declarationLoc":{"start":{"line":15,"column":0},"end":{"line":94,"column":1}},"classMembers":[{"type":"property","name":"isLoading","loc":{"start":{"line":16,"column":4},"end":{"line":16,"column":21}}},{"type":"property","name":"options","loc":{"start":{"line":17,"column":4},"end":{"line":17,"column":22}}},{"type":"property","name":"columns","loc":{"start":{"line":18,"column":4},"end":{"line":18,"column":22}}},{"type":"property","name":"type","loc":{"start":{"line":19,"column":4},"end":{"line":19,"column":18}}},{"type":"property","name":"term","loc":{"start":{"line":20,"column":4},"end":{"line":20,"column":14}}},{"type":"method","name":"result","loc":{"start":{"line":25,"column":4},"end":{"line":30,"column":5}},"decorator":"wire"},{"type":"property","name":"objectname","loc":{"start":{"line":22,"column":4},"end":{"line":22,"column":27}}},{"type":"property","name":"objectapiname","loc":{"start":{"line":23,"column":4},"end":{"line":23,"column":30}}},{"type":"property","name":"profileId","loc":{"start":{"line":24,"column":4},"end":{"line":24,"column":14}}},{"type":"property","name":"canCreate","loc":{"start":{"line":31,"column":4},"end":{"line":33,"column":5}}},{"type":"method","name":"handleType","loc":{"start":{"line":34,"column":4},"end":{"line":37,"column":5}}},{"type":"method","name":"handleSearch","loc":{"start":{"line":38,"column":4},"end":{"line":41,"column":5}}},{"type":"method","name":"handleResult","loc":{"start":{"line":43,"column":4},"end":{"line":70,"column":5}}},{"type":"method","name":"handleAction","loc":{"start":{"line":72,"column":4},"end":{"line":77,"column":5}}},{"type":"method","name":"formatResult","loc":{"start":{"line":79,"column":4},"end":{"line":93,"column":5}}}],"exports":[{"type":"ExportDefaultDeclaration"}]},"updatedAt":"2022-08-07T07:36:06.439Z"},{"_allAttributes":null,"_properties":null,"_methods":null,"file":"d:/Salesforce Training/CarManuV1.1/force-app/main/default/lwc/contactView/contactView.js","metadata":{"decorators":[{"type":"api","targets":[{"type":"property","name":"viewrecordid","value":{"type":"unresolved"}}]}],"declarationLoc":{"start":{"line":3,"column":0},"end":{"line":9,"column":1}},"classMembers":[{"type":"property","name":"viewrecordid","loc":{"start":{"line":4,"column":8},"end":{"line":4,"column":26}},"decorator":"api","value":{"type":"unresolved"}},{"type":"property","name":"apiName","loc":{"start":{"line":5,"column":4},"end":{"line":5,"column":24}}},{"type":"method","name":"handleBackHome","loc":{"start":{"line":6,"column":4},"end":{"line":8,"column":5}}}],"exports":[{"type":"ExportDefaultDeclaration"}]},"updatedAt":"2022-08-07T07:36:06.451Z"},{"_allAttributes":null,"_properties":null,"_methods":null,"file":"d:/Salesforce Training/CarManuV1.1/force-app/main/default/lwc/leadTab/leadTab.js","metadata":{"decorators":[{"type":"wire","targets":[{"name":"result","adapter":{"name":"getProfileId","reference":"@salesforce/apex/UserChecker.getProfileId"},"type":"method"}]}],"declarationLoc":{"start":{"line":16,"column":0},"end":{"line":95,"column":1}},"classMembers":[{"type":"property","name":"isLoading","loc":{"start":{"line":17,"column":5},"end":{"line":17,"column":22}}},{"type":"property","name":"options","loc":{"start":{"line":18,"column":4},"end":{"line":18,"column":22}}},{"type":"property","name":"columns","loc":{"start":{"line":19,"column":4},"end":{"line":19,"column":22}}},{"type":"property","name":"type","loc":{"start":{"line":20,"column":4},"end":{"line":20,"column":18}}},{"type":"property","name":"term","loc":{"start":{"line":21,"column":4},"end":{"line":21,"column":14}}},{"type":"method","name":"result","loc":{"start":{"line":26,"column":4},"end":{"line":31,"column":5}},"decorator":"wire"},{"type":"property","name":"objectname","loc":{"start":{"line":23,"column":4},"end":{"line":23,"column":24}}},{"type":"property","name":"objectapiname","loc":{"start":{"line":24,"column":4},"end":{"line":24,"column":27}}},{"type":"property","name":"profileId","loc":{"start":{"line":25,"column":4},"end":{"line":25,"column":14}}},{"type":"property","name":"canCreate","loc":{"start":{"line":32,"column":4},"end":{"line":34,"column":5}}},{"type":"method","name":"handleType","loc":{"start":{"line":35,"column":4},"end":{"line":38,"column":5}}},{"type":"method","name":"handleSearch","loc":{"start":{"line":39,"column":4},"end":{"line":42,"column":5}}},{"type":"method","name":"handleResult","loc":{"start":{"line":44,"column":4},"end":{"line":71,"column":5}}},{"type":"method","name":"handleAction","loc":{"start":{"line":73,"column":4},"end":{"line":78,"column":5}}},{"type":"method","name":"formatResult","loc":{"start":{"line":80,"column":4},"end":{"line":94,"column":5}}}],"exports":[{"type":"ExportDefaultDeclaration"}]},"updatedAt":"2022-08-07T07:36:06.430Z"},{"_allAttributes":null,"_properties":null,"_methods":null,"file":"d:/Salesforce Training/CarManuV1.1/force-app/main/default/lwc/leadView/leadView.js","metadata":{"decorators":[{"type":"api","targets":[{"type":"property","name":"viewrecordid","value":{"type":"unresolved"}},{"type":"property","name":"leadstatus","value":{"type":"unresolved"}},{"type":"property","name":"leadcompany","value":{"type":"unresolved"}}]}],"declarationLoc":{"start":{"line":6,"column":0},"end":{"line":58,"column":1}},"classMembers":[{"type":"property","name":"viewrecordid","loc":{"start":{"line":7,"column":4},"end":{"line":7,"column":22}},"decorator":"api","value":{"type":"unresolved"}},{"type":"property","name":"leadstatus","loc":{"start":{"line":8,"column":4},"end":{"line":8,"column":20}},"decorator":"api","value":{"type":"unresolved"}},{"type":"property","name":"leadcompany","loc":{"start":{"line":9,"column":4},"end":{"line":9,"column":21}},"decorator":"api","value":{"type":"unresolved"}},{"type":"property","name":"apiName","loc":{"start":{"line":10,"column":4},"end":{"line":10,"column":21}}},{"type":"property","name":"isLoading","loc":{"start":{"line":11,"column":4},"end":{"line":11,"column":22}}},{"type":"method","name":"handleBackHome","loc":{"start":{"line":12,"column":4},"end":{"line":14,"column":5}}},{"type":"property","name":"isInOpen","loc":{"start":{"line":15,"column":4},"end":{"line":17,"column":5}}},{"type":"property","name":"isInWorking","loc":{"start":{"line":18,"column":4},"end":{"line":20,"column":5}}},{"type":"method","name":"handleContacted","loc":{"start":{"line":21,"column":4},"end":{"line":32,"column":5}}},{"type":"method","name":"handleNotConverted","loc":{"start":{"line":33,"column":4},"end":{"line":44,"column":5}}},{"type":"method","name":"handleConverted","loc":{"start":{"line":45,"column":5},"end":{"line":57,"column":5}}}],"exports":[{"type":"ExportDefaultDeclaration"}]},"updatedAt":"2022-08-07T07:36:06.426Z"}]