<?xml version="1.0" encoding="UTF-8"?>
<CustomField xmlns="http://soap.sforce.com/2006/04/metadata">
    <fullName>Total_Price__c</fullName>
    <externalId>false</externalId>
    <formula>(Price__c *((MONTH(End_Date__c)+(12*(YEAR(End_Date__c)-YEAR(Start_Date__c))))-MONTH(Start_Date__c)))*(1-(Discount__c))</formula>
    <formulaTreatBlanksAs>BlankAsZero</formulaTreatBlanksAs>
    <label>Total Price</label>
    <precision>18</precision>
    <required>false</required>
    <scale>2</scale>
    <trackHistory>false</trackHistory>
    <trackTrending>false</trackTrending>
    <type>Currency</type>
</CustomField>
