<?xml version="1.0" encoding="UTF-8"?>
<CustomField xmlns="http://soap.sforce.com/2006/04/metadata">
    <fullName>Attendance__c</fullName>
    <externalId>false</externalId>
    <label>Attendance</label>
    <required>true</required>
    <trackHistory>false</trackHistory>
    <trackTrending>false</trackTrending>
    <type>Picklist</type>
    <valueSet>
        <restricted>true</restricted>
        <valueSetDefinition>
            <sorted>false</sorted>
            <value>
                <fullName>Present</fullName>
                <default>false</default>
                <label>Present</label>
            </value>
            <value>
                <fullName>Tardy</fullName>
                <default>false</default>
                <label>Tardy</label>
            </value>
            <value>
                <fullName>Absent</fullName>
                <default>false</default>
                <label>Absent</label>
            </value>
        </valueSetDefinition>
    </valueSet>
</CustomField>
