<?xml version="1.0" encoding="UTF-8"?>
<CustomField xmlns="http://soap.sforce.com/2006/04/metadata">
    <fullName>Flat_Type__c</fullName>
    <externalId>false</externalId>
    <label>Flat Type</label>
    <required>false</required>
    <trackHistory>false</trackHistory>
    <trackTrending>false</trackTrending>
    <type>Picklist</type>
    <valueSet>
        <restricted>true</restricted>
        <valueSetDefinition>
            <sorted>false</sorted>
            <value>
                <fullName>1BHK</fullName>
                <default>false</default>
                <label>1BHK</label>
            </value>
            <value>
                <fullName>2BHK</fullName>
                <default>false</default>
                <label>2BHK</label>
            </value>
            <value>
                <fullName>3BHK</fullName>
                <default>false</default>
                <label>3BHK</label>
            </value>
            <value>
                <fullName>4BHK</fullName>
                <default>false</default>
                <label>4BHK</label>
            </value>
        </valueSetDefinition>
    </valueSet>
</CustomField>
