<?xml version="1.0" encoding="UTF-8"?>
<ListView xmlns="http://soap.sforce.com/2006/04/metadata">
    <fullName>All</fullName>
    <columns>NAME</columns>
    <columns>Building_Name__c</columns>
    <columns>Contact__c</columns>
    <columns>Contract__c</columns>
    <columns>Flat_No__c</columns>
    <columns>Flat_Type__c</columns>
    <columns>Floor__c</columns>
    <columns>Leased__c</columns>
    <columns>Price__c</columns>
    <filterScope>Everything</filterScope>
    <label>All</label>
</ListView>
