<?xml version="1.0" encoding="UTF-8"?>
<CustomField xmlns="http://soap.sforce.com/2006/04/metadata">
    <fullName>Semester__c</fullName>
    <externalId>false</externalId>
    <label>Semester</label>
    <required>false</required>
    <trackHistory>false</trackHistory>
    <trackTrending>false</trackTrending>
    <type>Picklist</type>
    <valueSet>
        <restricted>true</restricted>
        <valueSetDefinition>
            <sorted>false</sorted>
            <value>
                <fullName>Sem 1</fullName>
                <default>false</default>
                <label>Sem 1</label>
            </value>
            <value>
                <fullName>Sem 2</fullName>
                <default>false</default>
                <label>Sem 2</label>
            </value>
            <value>
                <fullName>Sem 3</fullName>
                <default>false</default>
                <label>Sem 3</label>
            </value>
            <value>
                <fullName>Sem 4</fullName>
                <default>false</default>
                <label>Sem 4</label>
            </value>
        </valueSetDefinition>
    </valueSet>
</CustomField>
