<?xml version="1.0" encoding="UTF-8"?>
<CustomField xmlns="http://soap.sforce.com/2006/04/metadata">
    <fullName>District__c</fullName>
    <externalId>false</externalId>
    <label>District</label>
    <required>false</required>
    <trackHistory>false</trackHistory>
    <trackTrending>false</trackTrending>
    <type>Picklist</type>
    <valueSet>
        <controllingField>State__c</controllingField>
        <restricted>true</restricted>
        <valueSetDefinition>
            <sorted>false</sorted>
            <value>
                <fullName>Bapatla</fullName>
                <default>false</default>
                <label>Bapatla</label>
            </value>
            <value>
                <fullName>Guntur</fullName>
                <default>false</default>
                <label>Guntur</label>
            </value>
            <value>
                <fullName>Bilaspur</fullName>
                <default>false</default>
                <label>Bilaspur</label>
            </value>
            <value>
                <fullName>Kinnaur</fullName>
                <default>false</default>
                <label>Kinnaur</label>
            </value>
            <value>
                <fullName>Shimla</fullName>
                <default>false</default>
                <label>Shimla</label>
            </value>
            <value>
                <fullName>Ahmedabad</fullName>
                <default>false</default>
                <label>Ahmedabad</label>
            </value>
            <value>
                <fullName>Bharuch</fullName>
                <default>false</default>
                <label>Bharuch</label>
            </value>
            <value>
                <fullName>Junagadh</fullName>
                <default>false</default>
                <label>Junagadh</label>
            </value>
            <value>
                <fullName>Agra</fullName>
                <default>false</default>
                <label>Agra</label>
            </value>
            <value>
                <fullName>Firozabad</fullName>
                <default>false</default>
                <label>Firozabad</label>
            </value>
        </valueSetDefinition>
        <valueSettings>
            <controllingFieldValue>Andhra Pradesh</controllingFieldValue>
            <valueName>Bapatla</valueName>
        </valueSettings>
        <valueSettings>
            <controllingFieldValue>Andhra Pradesh</controllingFieldValue>
            <valueName>Guntur</valueName>
        </valueSettings>
        <valueSettings>
            <controllingFieldValue>Himachal Pradesh</controllingFieldValue>
            <valueName>Bilaspur</valueName>
        </valueSettings>
        <valueSettings>
            <controllingFieldValue>Himachal Pradesh</controllingFieldValue>
            <valueName>Kinnaur</valueName>
        </valueSettings>
        <valueSettings>
            <controllingFieldValue>Himachal Pradesh</controllingFieldValue>
            <valueName>Shimla</valueName>
        </valueSettings>
        <valueSettings>
            <controllingFieldValue>Gujarat</controllingFieldValue>
            <valueName>Ahmedabad</valueName>
        </valueSettings>
        <valueSettings>
            <controllingFieldValue>Gujarat</controllingFieldValue>
            <valueName>Bharuch</valueName>
        </valueSettings>
        <valueSettings>
            <controllingFieldValue>Gujarat</controllingFieldValue>
            <valueName>Junagadh</valueName>
        </valueSettings>
        <valueSettings>
            <controllingFieldValue>Uttar Pradesh</controllingFieldValue>
            <valueName>Agra</valueName>
        </valueSettings>
        <valueSettings>
            <controllingFieldValue>Uttar Pradesh</controllingFieldValue>
            <valueName>Firozabad</valueName>
        </valueSettings>
    </valueSet>
</CustomField>
