<?xml version="1.0" encoding="UTF-8"?>
<CustomField xmlns="http://soap.sforce.com/2006/04/metadata">
    <fullName>State__c</fullName>
    <externalId>false</externalId>
    <label>State</label>
    <required>false</required>
    <trackHistory>false</trackHistory>
    <trackTrending>false</trackTrending>
    <type>Picklist</type>
    <valueSet>
        <restricted>true</restricted>
        <valueSetDefinition>
            <sorted>false</sorted>
            <value>
                <fullName>Andhra Pradesh</fullName>
                <default>false</default>
                <label>Andhra Pradesh</label>
            </value>
            <value>
                <fullName>Himachal Pradesh</fullName>
                <default>false</default>
                <label>Himachal Pradesh</label>
            </value>
            <value>
                <fullName>Gujarat</fullName>
                <default>false</default>
                <label>Gujarat</label>
            </value>
            <value>
                <fullName>Uttar Pradesh</fullName>
                <default>false</default>
                <label>Uttar Pradesh</label>
            </value>
        </valueSetDefinition>
    </valueSet>
</CustomField>
