{
  "status": 0,
  "result": {
    "createdById": "0055i0000057Kz4AAE",
    "createdByName": "TYRONE LULUQUISIN",
    "createdDate": "2022-07-31T13:25:45.000Z",
    "fileName": "approvalProcesses/Car_Booking__c.Car_Booking_Approval.approvalProcess",
    "fullName": "Car_Booking__c.Car_Booking_Approval",
    "id": "04a5i000000ToljAAC",
    "lastModifiedById": "0055i0000057Kz4AAE",
    "lastModifiedByName": "TYRONE LULUQUISIN",
    "lastModifiedDate": "2022-07-31T15:50:22.000Z",
    "type": "ApprovalProcess"
  }
}