<?xml version="1.0" encoding="UTF-8"?>
<CustomField xmlns="http://soap.sforce.com/2006/04/metadata">
    <fullName>Car_Model__c</fullName>
    <externalId>false</externalId>
    <label>Car Model</label>
    <referenceTo>Car_Model__c</referenceTo>
    <relationshipLabel>Car Bookings</relationshipLabel>
    <relationshipName>Car_Bookings</relationshipName>
    <relationshipOrder>0</relationshipOrder>
    <reparentableMasterDetail>false</reparentableMasterDetail>
    <trackHistory>false</trackHistory>
    <trackTrending>false</trackTrending>
    <type>MasterDetail</type>
    <writeRequiresMasterRead>false</writeRequiresMasterRead>
</CustomField>
