<?xml version="1.0" encoding="UTF-8"?>
<CustomField xmlns="http://soap.sforce.com/2006/04/metadata">
    <fullName>Stage__c</fullName>
    <externalId>false</externalId>
    <label>Stage</label>
    <required>false</required>
    <trackHistory>false</trackHistory>
    <trackTrending>false</trackTrending>
    <type>Picklist</type>
    <valueSet>
        <restricted>true</restricted>
        <valueSetDefinition>
            <sorted>false</sorted>
            <value>
                <fullName>Payment</fullName>
                <default>false</default>
                <label>Payment</label>
            </value>
            <value>
                <fullName>Payment Pending</fullName>
                <default>false</default>
                <label>Payment Pending</label>
            </value>
            <value>
                <fullName>Approved</fullName>
                <default>false</default>
                <label>Approved</label>
            </value>
            <value>
                <fullName>Rejected</fullName>
                <default>false</default>
                <label>Rejected</label>
            </value>
            <value>
                <fullName>To Ship</fullName>
                <default>false</default>
                <label>To Ship</label>
            </value>
            <value>
                <fullName>Shipping</fullName>
                <default>false</default>
                <label>Shipping</label>
            </value>
            <value>
                <fullName>Delivered</fullName>
                <default>false</default>
                <label>Delivered</label>
            </value>
        </valueSetDefinition>
    </valueSet>
</CustomField>
