<?xml version="1.0" encoding="UTF-8"?>
<CustomField xmlns="http://soap.sforce.com/2006/04/metadata">
    <fullName>Total_Price__c</fullName>
    <externalId>false</externalId>
    <formula>(Car_Model__r.Price__c   +  Total_Customization_Cost__c) *  Quantity__c</formula>
    <formulaTreatBlanksAs>BlankAsZero</formulaTreatBlanksAs>
    <label>Total Price</label>
    <precision>18</precision>
    <required>false</required>
    <scale>2</scale>
    <trackHistory>false</trackHistory>
    <trackTrending>false</trackTrending>
    <type>Currency</type>
</CustomField>
