<?xml version="1.0" encoding="UTF-8"?>
<CustomField xmlns="http://soap.sforce.com/2006/04/metadata">
    <fullName>Total_Customization_Cost__c</fullName>
    <externalId>false</externalId>
    <label>Total Customization Cost</label>
    <summarizedField>Car_Customization__c.Price__c</summarizedField>
    <summaryForeignKey>Car_Customization__c.Car_Booking__c</summaryForeignKey>
    <summaryOperation>sum</summaryOperation>
    <trackHistory>false</trackHistory>
    <trackTrending>false</trackTrending>
    <type>Summary</type>
</CustomField>
