<?xml version="1.0" encoding="UTF-8"?>
<Profile xmlns="http://soap.sforce.com/2006/04/metadata">
    <classAccesses>
        <apexClass>CreateContract</apexClass>
        <enabled>false</enabled>
    </classAccesses>
    <classAccesses>
        <apexClass>SearchObjects</apexClass>
        <enabled>false</enabled>
    </classAccesses>
    <classAccesses>
        <apexClass>SendContract</apexClass>
        <enabled>false</enabled>
    </classAccesses>
    <classAccesses>
        <apexClass>TestClass</apexClass>
        <enabled>false</enabled>
    </classAccesses>
    <classAccesses>
        <apexClass>TestDataFactory</apexClass>
        <enabled>false</enabled>
    </classAccesses>
    <custom>false</custom>
    <fieldPermissions>
        <editable>true</editable>
        <field>Building__c.Address__c</field>
        <readable>true</readable>
    </fieldPermissions>
    <fieldPermissions>
        <editable>true</editable>
        <field>Building__c.District__c</field>
        <readable>true</readable>
    </fieldPermissions>
    <fieldPermissions>
        <editable>true</editable>
        <field>Building__c.State__c</field>
        <readable>true</readable>
    </fieldPermissions>
    <fieldPermissions>
        <editable>true</editable>
        <field>Building__c.Storey__c</field>
        <readable>true</readable>
    </fieldPermissions>
    <fieldPermissions>
        <editable>false</editable>
        <field>Building__c.Total_Revenue__c</field>
        <readable>true</readable>
    </fieldPermissions>
    <fieldPermissions>
        <editable>true</editable>
        <field>Contract__c.Building_Name__c</field>
        <readable>true</readable>
    </fieldPermissions>
    <fieldPermissions>
        <editable>true</editable>
        <field>Contract__c.Discount__c</field>
        <readable>true</readable>
    </fieldPermissions>
    <fieldPermissions>
        <editable>true</editable>
        <field>Contract__c.End_Date__c</field>
        <readable>true</readable>
    </fieldPermissions>
    <fieldPermissions>
        <editable>true</editable>
        <field>Contract__c.Expired__c</field>
        <readable>true</readable>
    </fieldPermissions>
    <fieldPermissions>
        <editable>true</editable>
        <field>Contract__c.Flat_No__c</field>
        <readable>true</readable>
    </fieldPermissions>
    <fieldPermissions>
        <editable>true</editable>
        <field>Contract__c.IsNotVacant__c</field>
        <readable>true</readable>
    </fieldPermissions>
    <fieldPermissions>
        <editable>true</editable>
        <field>Contract__c.Price__c</field>
        <readable>true</readable>
    </fieldPermissions>
    <fieldPermissions>
        <editable>true</editable>
        <field>Contract__c.Start_Date__c</field>
        <readable>true</readable>
    </fieldPermissions>
    <fieldPermissions>
        <editable>true</editable>
        <field>Contract__c.Status__c</field>
        <readable>true</readable>
    </fieldPermissions>
    <fieldPermissions>
        <editable>true</editable>
        <field>Contract__c.Tenant__c</field>
        <readable>true</readable>
    </fieldPermissions>
    <fieldPermissions>
        <editable>false</editable>
        <field>Contract__c.Total_Price__c</field>
        <readable>true</readable>
    </fieldPermissions>
    <fieldPermissions>
        <editable>true</editable>
        <field>Unit__c.Contact__c</field>
        <readable>true</readable>
    </fieldPermissions>
    <fieldPermissions>
        <editable>true</editable>
        <field>Unit__c.Contract__c</field>
        <readable>true</readable>
    </fieldPermissions>
    <fieldPermissions>
        <editable>true</editable>
        <field>Unit__c.Flat_No__c</field>
        <readable>true</readable>
    </fieldPermissions>
    <fieldPermissions>
        <editable>true</editable>
        <field>Unit__c.Flat_Type__c</field>
        <readable>true</readable>
    </fieldPermissions>
    <fieldPermissions>
        <editable>true</editable>
        <field>Unit__c.Floor__c</field>
        <readable>true</readable>
    </fieldPermissions>
    <fieldPermissions>
        <editable>true</editable>
        <field>Unit__c.IsDuplicate__c</field>
        <readable>true</readable>
    </fieldPermissions>
    <fieldPermissions>
        <editable>true</editable>
        <field>Unit__c.Leased__c</field>
        <readable>true</readable>
    </fieldPermissions>
    <fieldPermissions>
        <editable>true</editable>
        <field>Unit__c.Price__c</field>
        <readable>true</readable>
    </fieldPermissions>
    <recordTypeVisibilities>
        <default>true</default>
        <recordType>Contract__c.Long_Term</recordType>
        <visible>true</visible>
    </recordTypeVisibilities>
    <recordTypeVisibilities>
        <default>false</default>
        <recordType>Contract__c.Short_Term</recordType>
        <visible>true</visible>
    </recordTypeVisibilities>
    <recordTypeVisibilities>
        <default>true</default>
        <recordType>Unit__c.Default</recordType>
        <visible>true</visible>
    </recordTypeVisibilities>
    <userLicense>Analytics Cloud Integration User</userLicense>
    <userPermissions>
        <enabled>true</enabled>
        <name>ApexRestServices</name>
    </userPermissions>
    <userPermissions>
        <enabled>true</enabled>
        <name>ApiEnabled</name>
    </userPermissions>
    <userPermissions>
        <enabled>true</enabled>
        <name>CampaignInfluence2</name>
    </userPermissions>
    <userPermissions>
        <enabled>true</enabled>
        <name>EnableCommunityAppLauncher</name>
    </userPermissions>
    <userPermissions>
        <enabled>true</enabled>
        <name>InsightsAppAdmin</name>
    </userPermissions>
    <userPermissions>
        <enabled>true</enabled>
        <name>InsightsAppUser</name>
    </userPermissions>
    <userPermissions>
        <enabled>true</enabled>
        <name>PasswordNeverExpires</name>
    </userPermissions>
    <userPermissions>
        <enabled>true</enabled>
        <name>ShowCompanyNameAsUserBadge</name>
    </userPermissions>
    <userPermissions>
        <enabled>true</enabled>
        <name>UseWebLink</name>
    </userPermissions>
    <userPermissions>
        <enabled>true</enabled>
        <name>ViewDataLeakageEvents</name>
    </userPermissions>
    <userPermissions>
        <enabled>true</enabled>
        <name>ViewEventLogFiles</name>
    </userPermissions>
    <userPermissions>
        <enabled>true</enabled>
        <name>ViewPlatformEvents</name>
    </userPermissions>
    <userPermissions>
        <enabled>true</enabled>
        <name>ViewRoles</name>
    </userPermissions>
    <userPermissions>
        <enabled>true</enabled>
        <name>ViewSetup</name>
    </userPermissions>
</Profile>
