[{"_allAttributes":null,"_properties":null,"_methods":null,"file":"d:/Salesforce Training/PayP App V1.1/force-app/main/default/lwc/billMain/billMain.js","metadata":{"decorators":[],"exports":[{"type":"ExportDefaultDeclaration"}]},"updatedAt":"2022-08-07T05:09:03.927Z"},{"_allAttributes":null,"_properties":null,"_methods":null,"file":"d:/Salesforce Training/PayP App V1.1/force-app/main/default/lwc/modalInput/modalInput.js","metadata":{"decorators":[{"type":"api","targets":[{"type":"property","name":"modalTitle","value":{"type":"unresolved"}},{"type":"property","name":"inputs","value":{"type":"unresolved"}},{"type":"method","name":"open"}]}],"declarationLoc":{"start":{"line":3,"column":0},"end":{"line":22,"column":1}},"classMembers":[{"type":"property","name":"showModal","loc":{"start":{"line":4,"column":4},"end":{"line":4,"column":22}}},{"type":"property","name":"modalTitle","loc":{"start":{"line":5,"column":4},"end":{"line":5,"column":20}},"decorator":"api","value":{"type":"unresolved"}},{"type":"property","name":"inputs","loc":{"start":{"line":6,"column":4},"end":{"line":6,"column":16}},"decorator":"api","value":{"type":"unresolved"}},{"type":"method","name":"open","loc":{"start":{"line":7,"column":4},"end":{"line":9,"column":5}},"decorator":"api"},{"type":"method","name":"handleCancel","loc":{"start":{"line":10,"column":4},"end":{"line":12,"column":5}}},{"type":"method","name":"handleSuccess","loc":{"start":{"line":13,"column":4},"end":{"line":21,"column":5}}}],"exports":[{"type":"ExportDefaultDeclaration"}]},"updatedAt":"2022-08-05T07:47:34.308Z"},{"_allAttributes":null,"_properties":null,"_methods":null,"file":"d:/Salesforce Training/PayP App V1.1/force-app/main/default/lwc/modalRecordEditForm/modalRecordEditForm.js","metadata":{"decorators":[{"type":"api","targets":[{"type":"property","name":"recordId","value":{"type":"unresolved"}},{"type":"property","name":"modalTitle","value":{"type":"unresolved"}},{"type":"property","name":"objectApiName","value":{"type":"unresolved"}},{"type":"property","name":"fields","value":{"type":"unresolved"}},{"type":"property","name":"saveLabel","value":{"type":"string","value":"Save"}},{"type":"method","name":"open"}]}],"declarationLoc":{"start":{"line":3,"column":0},"end":{"line":27,"column":1}},"classMembers":[{"type":"property","name":"showModal","loc":{"start":{"line":4,"column":4},"end":{"line":4,"column":22}}},{"type":"property","name":"loading","loc":{"start":{"line":5,"column":4},"end":{"line":5,"column":20}}},{"type":"property","name":"recordId","loc":{"start":{"line":6,"column":4},"end":{"line":6,"column":18}},"decorator":"api","value":{"type":"unresolved"}},{"type":"property","name":"modalTitle","loc":{"start":{"line":7,"column":4},"end":{"line":7,"column":20}},"decorator":"api","value":{"type":"unresolved"}},{"type":"property","name":"objectApiName","loc":{"start":{"line":8,"column":4},"end":{"line":8,"column":23}},"decorator":"api","value":{"type":"unresolved"}},{"type":"property","name":"fields","loc":{"start":{"line":9,"column":4},"end":{"line":9,"column":16}},"decorator":"api","value":{"type":"unresolved"}},{"type":"property","name":"saveLabel","loc":{"start":{"line":10,"column":4},"end":{"line":10,"column":26}},"decorator":"api","value":{"type":"string","value":"Save"}},{"type":"method","name":"open","loc":{"start":{"line":11,"column":4},"end":{"line":14,"column":5}},"decorator":"api"},{"type":"method","name":"handleCancel","loc":{"start":{"line":15,"column":4},"end":{"line":17,"column":5}}},{"type":"method","name":"handleError","loc":{"start":{"line":18,"column":4},"end":{"line":21,"column":5}}},{"type":"method","name":"handleSuccess","loc":{"start":{"line":22,"column":4},"end":{"line":26,"column":5}}}],"exports":[{"type":"ExportDefaultDeclaration"}]},"updatedAt":"2022-08-05T07:47:34.325Z"},{"_allAttributes":null,"_properties":null,"_methods":null,"file":"d:/Salesforce Training/PayP App V1.1/force-app/main/default/lwc/modalRecordForm/modalRecordForm.js","metadata":{"decorators":[{"type":"api","targets":[{"type":"property","name":"modalTitle","value":{"type":"unresolved"}},{"type":"property","name":"objectApiName","value":{"type":"unresolved"}},{"type":"property","name":"fields","value":{"type":"unresolved"}},{"type":"property","name":"saveLabel","value":{"type":"string","value":"Save"}},{"type":"method","name":"open"}]}],"declarationLoc":{"start":{"line":3,"column":0},"end":{"line":19,"column":1}},"classMembers":[{"type":"property","name":"showModal","loc":{"start":{"line":4,"column":4},"end":{"line":4,"column":22}}},{"type":"property","name":"modalTitle","loc":{"start":{"line":5,"column":4},"end":{"line":5,"column":20}},"decorator":"api","value":{"type":"unresolved"}},{"type":"property","name":"objectApiName","loc":{"start":{"line":6,"column":4},"end":{"line":6,"column":23}},"decorator":"api","value":{"type":"unresolved"}},{"type":"property","name":"fields","loc":{"start":{"line":7,"column":4},"end":{"line":7,"column":16}},"decorator":"api","value":{"type":"unresolved"}},{"type":"property","name":"saveLabel","loc":{"start":{"line":8,"column":4},"end":{"line":8,"column":26}},"decorator":"api","value":{"type":"string","value":"Save"}},{"type":"method","name":"open","loc":{"start":{"line":9,"column":4},"end":{"line":11,"column":5}},"decorator":"api"},{"type":"method","name":"handleCancel","loc":{"start":{"line":12,"column":4},"end":{"line":14,"column":5}}},{"type":"method","name":"handleSuccess","loc":{"start":{"line":15,"column":4},"end":{"line":18,"column":5}}}],"exports":[{"type":"ExportDefaultDeclaration"}]},"updatedAt":"2022-08-05T07:47:34.320Z"},{"_allAttributes":null,"_properties":null,"_methods":null,"file":"d:/Salesforce Training/PayP App V1.1/force-app/main/default/lwc/palMain/palMain.js","metadata":{"decorators":[],"exports":[{"type":"ExportDefaultDeclaration"}]},"updatedAt":"2022-08-07T05:11:10.556Z"},{"_allAttributes":null,"_properties":null,"_methods":null,"file":"d:/Salesforce Training/PayP App V1.1/force-app/main/default/lwc/passbookMain/passbookMain.js","metadata":{"decorators":[{"type":"wire","targets":[{"name":"resultProfile","adapter":{"name":"getCurrentUserProfile","reference":"@salesforce/apex/GetUser.getCurrentUserProfile"},"type":"method"}]}],"declarationLoc":{"start":{"line":39,"column":0},"end":{"line":195,"column":1}},"classMembers":[{"type":"property","name":"columns","loc":{"start":{"line":40,"column":4},"end":{"line":44,"column":5}}},{"type":"property","name":"actions","loc":{"start":{"line":45,"column":4},"end":{"line":45,"column":103}}},{"type":"property","name":"result","loc":{"start":{"line":46,"column":4},"end":{"line":46,"column":11}}},{"type":"property","name":"loading","loc":{"start":{"line":47,"column":4},"end":{"line":47,"column":18}}},{"type":"property","name":"searchvalue","loc":{"start":{"line":48,"column":4},"end":{"line":48,"column":16}}},{"type":"property","name":"isSystemAdmin","loc":{"start":{"line":49,"column":4},"end":{"line":49,"column":26}}},{"type":"method","name":"resultProfile","loc":{"start":{"line":50,"column":4},"end":{"line":57,"column":5}},"decorator":"wire"},{"type":"method","name":"handleSearch","loc":{"start":{"line":58,"column":4},"end":{"line":97,"column":5}}},{"type":"method","name":"handleRowAction","loc":{"start":{"line":98,"column":4},"end":{"line":152,"column":5}}},{"type":"method","name":"refreshPassbook","loc":{"start":{"line":154,"column":4},"end":{"line":194,"column":5}}}],"exports":[{"type":"ExportDefaultDeclaration"}]},"updatedAt":"2022-08-05T07:47:34.283Z"},{"_allAttributes":null,"_properties":null,"_methods":null,"file":"d:/Salesforce Training/PayP App V1.1/force-app/main/default/lwc/supportBillMain/supportBillMain.js","metadata":{"decorators":[],"declarationLoc":{"start":{"line":38,"column":0},"end":{"line":184,"column":1}},"classMembers":[{"type":"property","name":"columns","loc":{"start":{"line":39,"column":4},"end":{"line":39,"column":22}}},{"type":"property","name":"fields","loc":{"start":{"line":40,"column":4},"end":{"line":40,"column":18}}},{"type":"property","name":"recordId","loc":{"start":{"line":41,"column":4},"end":{"line":41,"column":13}}},{"type":"property","name":"recordName","loc":{"start":{"line":42,"column":4},"end":{"line":42,"column":15}}},{"type":"property","name":"apiName","loc":{"start":{"line":43,"column":4},"end":{"line":43,"column":24}}},{"type":"property","name":"loading","loc":{"start":{"line":44,"column":4},"end":{"line":44,"column":18}}},{"type":"property","name":"result","loc":{"start":{"line":45,"column":4},"end":{"line":45,"column":11}}},{"type":"property","name":"searchvalue","loc":{"start":{"line":46,"column":4},"end":{"line":46,"column":16}}},{"type":"property","name":"category","loc":{"start":{"line":47,"column":4},"end":{"line":47,"column":18}}},{"type":"property","name":"categoryOptions","loc":{"start":{"line":48,"column":4},"end":{"line":48,"column":38}}},{"type":"property","name":"modalTitle","loc":{"start":{"line":49,"column":4},"end":{"line":51,"column":5}}},{"type":"method","name":"handleSearch","loc":{"start":{"line":52,"column":4},"end":{"line":89,"column":5}}},{"type":"method","name":"handleCategoryChange","loc":{"start":{"line":91,"column":5},"end":{"line":126,"column":5}}},{"type":"method","name":"handleRowAction","loc":{"start":{"line":128,"column":4},"end":{"line":138,"column":5}}},{"type":"method","name":"handleSuccess","loc":{"start":{"line":139,"column":4},"end":{"line":143,"column":5}}},{"type":"method","name":"refreshBills","loc":{"start":{"line":145,"column":4},"end":{"line":183,"column":5}}}],"exports":[{"type":"ExportDefaultDeclaration"}]},"updatedAt":"2022-08-05T07:47:34.337Z"},{"_allAttributes":null,"_properties":null,"_methods":null,"file":"d:/Salesforce Training/PayP App V1.1/force-app/main/default/lwc/supportPassbookMain/supportPassbookMain.js","metadata":{"decorators":[],"declarationLoc":{"start":{"line":30,"column":0},"end":{"line":136,"column":1}},"classMembers":[{"type":"property","name":"columns","loc":{"start":{"line":32,"column":4},"end":{"line":32,"column":22}}},{"type":"property","name":"fields","loc":{"start":{"line":33,"column":4},"end":{"line":33,"column":18}}},{"type":"property","name":"recordId","loc":{"start":{"line":34,"column":4},"end":{"line":34,"column":13}}},{"type":"property","name":"recordName","loc":{"start":{"line":35,"column":4},"end":{"line":35,"column":15}}},{"type":"property","name":"apiName","loc":{"start":{"line":36,"column":4},"end":{"line":36,"column":28}}},{"type":"property","name":"loading","loc":{"start":{"line":37,"column":4},"end":{"line":37,"column":18}}},{"type":"property","name":"result","loc":{"start":{"line":38,"column":4},"end":{"line":38,"column":11}}},{"type":"property","name":"searchvalue","loc":{"start":{"line":39,"column":4},"end":{"line":39,"column":16}}},{"type":"property","name":"modalTitle","loc":{"start":{"line":40,"column":4},"end":{"line":42,"column":5}}},{"type":"method","name":"handleSearch","loc":{"start":{"line":43,"column":4},"end":{"line":79,"column":5}}},{"type":"method","name":"handleRowAction","loc":{"start":{"line":81,"column":4},"end":{"line":91,"column":5}}},{"type":"method","name":"handleSuccess","loc":{"start":{"line":92,"column":4},"end":{"line":96,"column":5}}},{"type":"method","name":"refreshBills","loc":{"start":{"line":98,"column":4},"end":{"line":135,"column":5}}}],"exports":[{"type":"ExportDefaultDeclaration"}]},"updatedAt":"2022-08-05T07:47:34.330Z"},{"_allAttributes":null,"_properties":null,"_methods":null,"file":"d:/Salesforce Training/PayP App V1.1/force-app/main/default/lwc/walletMain/walletMain.js","metadata":{"decorators":[],"exports":[{"type":"ExportDefaultDeclaration"}]},"updatedAt":"2022-08-05T07:49:30.493Z"}]