[{"_allAttributes":null,"_properties":null,"_methods":null,"file":"d:/Salesforce Training/Order Management/force-app/main/default/lwc/listResult/listResult.js","metadata":{"decorators":[{"type":"api","targets":[{"type":"property","name":"isLoading","value":{"type":"unresolved"}},{"type":"property","name":"title","value":{"type":"unresolved"}},{"type":"property","name":"column","value":{"type":"unresolved"}},{"type":"property","name":"result","value":{"type":"unresolved"}}]}],"declarationLoc":{"start":{"line":3,"column":0},"end":{"line":8,"column":1}},"classMembers":[{"type":"property","name":"isLoading","loc":{"start":{"line":4,"column":4},"end":{"line":4,"column":19}},"decorator":"api","value":{"type":"unresolved"}},{"type":"property","name":"title","loc":{"start":{"line":5,"column":4},"end":{"line":5,"column":15}},"decorator":"api","value":{"type":"unresolved"}},{"type":"property","name":"column","loc":{"start":{"line":6,"column":4},"end":{"line":6,"column":16}},"decorator":"api","value":{"type":"unresolved"}},{"type":"property","name":"result","loc":{"start":{"line":7,"column":4},"end":{"line":7,"column":16}},"decorator":"api","value":{"type":"unresolved"}}],"exports":[{"type":"ExportDefaultDeclaration"}]},"updatedAt":"2022-08-07T07:09:23.887Z"},{"_allAttributes":null,"_properties":null,"_methods":null,"file":"d:/Salesforce Training/Order Management/force-app/main/default/lwc/orderView/orderView.js","metadata":{"decorators":[{"type":"api","targets":[{"type":"property","name":"recordId","value":{"type":"unresolved"}}]},{"type":"wire","targets":[{"name":"profileResult","adapter":{"name":"getProfileName","reference":"@salesforce/apex/GetOrders.getProfileName"},"type":"method"}]}],"declarationLoc":{"start":{"line":25,"column":0},"end":{"line":295,"column":1}},"classMembers":[{"type":"property","name":"recordId","loc":{"start":{"line":26,"column":4},"end":{"line":26,"column":18}},"decorator":"api","value":{"type":"unresolved"}},{"type":"property","name":"buyColumns","loc":{"start":{"line":27,"column":4},"end":{"line":27,"column":28}}},{"type":"property","name":"buyData","loc":{"start":{"line":28,"column":4},"end":{"line":28,"column":12}}},{"type":"property","name":"editRecordId","loc":{"start":{"line":29,"column":4},"end":{"line":29,"column":17}}},{"type":"property","name":"status","loc":{"start":{"line":30,"column":4},"end":{"line":30,"column":11}}},{"type":"property","name":"profileName","loc":{"start":{"line":31,"column":4},"end":{"line":31,"column":16}}},{"type":"method","name":"profileResult","loc":{"start":{"line":32,"column":4},"end":{"line":36,"column":5}},"decorator":"wire"},{"type":"property","name":"isInCreated","loc":{"start":{"line":37,"column":4},"end":{"line":39,"column":5}}},{"type":"property","name":"isInprocess","loc":{"start":{"line":40,"column":4},"end":{"line":42,"column":5}}},{"type":"property","name":"isInInvoice","loc":{"start":{"line":43,"column":4},"end":{"line":45,"column":5}}},{"type":"property","name":"isInPayment","loc":{"start":{"line":46,"column":4},"end":{"line":48,"column":5}}},{"type":"property","name":"isInPlan","loc":{"start":{"line":49,"column":4},"end":{"line":51,"column":5}}},{"type":"method","name":"handleRowAction","loc":{"start":{"line":52,"column":4},"end":{"line":75,"column":5}}},{"type":"method","name":"handleModalEditSuccess","loc":{"start":{"line":76,"column":4},"end":{"line":78,"column":5}}},{"type":"method","name":"handleCancelOrder","loc":{"start":{"line":79,"column":4},"end":{"line":99,"column":5}}},{"type":"method","name":"handleConfirmOrder","loc":{"start":{"line":101,"column":4},"end":{"line":117,"column":5}}},{"type":"method","name":"handleRejectOrder","loc":{"start":{"line":119,"column":4},"end":{"line":139,"column":5}}},{"type":"method","name":"handleApproveOrder","loc":{"start":{"line":141,"column":4},"end":{"line":152,"column":5}}},{"type":"method","name":"handlePayment","loc":{"start":{"line":153,"column":4},"end":{"line":165,"column":5}}},{"type":"method","name":"handlePlan","loc":{"start":{"line":167,"column":4},"end":{"line":179,"column":5}}},{"type":"method","name":"handleDeliver","loc":{"start":{"line":180,"column":4},"end":{"line":192,"column":5}}},{"type":"method","name":"refreshOrderItem","loc":{"start":{"line":195,"column":4},"end":{"line":239,"column":5}}},{"type":"method","name":"renderedCallback","loc":{"start":{"line":241,"column":4},"end":{"line":294,"column":5}}}],"exports":[{"type":"ExportDefaultDeclaration"}]},"updatedAt":"2022-08-07T22:38:03.361Z"},{"_allAttributes":null,"_properties":null,"_methods":null,"file":"d:/Salesforce Training/Order Management/force-app/main/default/lwc/modalRecordEditForm/modalRecordEditForm.js","metadata":{"decorators":[{"type":"api","targets":[{"type":"property","name":"modalTitle","value":{"type":"unresolved"}},{"type":"property","name":"objectApiName","value":{"type":"unresolved"}},{"type":"property","name":"recordId","value":{"type":"unresolved"}},{"type":"method","name":"open"}]}],"declarationLoc":{"start":{"line":3,"column":0},"end":{"line":18,"column":1}},"classMembers":[{"type":"property","name":"showModal","loc":{"start":{"line":4,"column":4},"end":{"line":4,"column":22}}},{"type":"property","name":"modalTitle","loc":{"start":{"line":5,"column":4},"end":{"line":5,"column":20}},"decorator":"api","value":{"type":"unresolved"}},{"type":"property","name":"objectApiName","loc":{"start":{"line":6,"column":4},"end":{"line":6,"column":23}},"decorator":"api","value":{"type":"unresolved"}},{"type":"property","name":"recordId","loc":{"start":{"line":7,"column":4},"end":{"line":7,"column":18}},"decorator":"api","value":{"type":"unresolved"}},{"type":"method","name":"open","loc":{"start":{"line":8,"column":4},"end":{"line":10,"column":5}},"decorator":"api"},{"type":"method","name":"handleCancel","loc":{"start":{"line":11,"column":4},"end":{"line":13,"column":5}}},{"type":"method","name":"handleSuccess","loc":{"start":{"line":14,"column":4},"end":{"line":17,"column":5}}}],"exports":[{"type":"ExportDefaultDeclaration"}]},"updatedAt":"2022-08-07T18:05:26.175Z"},{"_allAttributes":null,"_properties":null,"_methods":null,"file":"d:/Salesforce Training/Order Management/force-app/main/default/lwc/orderCreate/orderCreate.js","metadata":{"decorators":[],"exports":[{"type":"ExportDefaultDeclaration"}]},"updatedAt":"2022-08-07T18:29:17.832Z"}]