<?xml version="1.0" encoding="UTF-8"?>
<CustomField xmlns="http://soap.sforce.com/2006/04/metadata">
    <fullName>Transaction_Type__c</fullName>
    <externalId>false</externalId>
    <label>Transaction Type</label>
    <required>true</required>
    <trackHistory>false</trackHistory>
    <trackTrending>false</trackTrending>
    <type>Picklist</type>
    <valueSet>
        <restricted>true</restricted>
        <valueSetDefinition>
            <sorted>false</sorted>
            <value>
                <fullName>Tuition</fullName>
                <default>false</default>
                <label>Tuition</label>
            </value>
            <value>
                <fullName>Certificate of Attendance</fullName>
                <default>false</default>
                <label>Certificate of Attendance</label>
            </value>
            <value>
                <fullName>Certificate of Enrollment</fullName>
                <default>false</default>
                <label>Certificate of Enrollment</label>
            </value>
            <value>
                <fullName>Diploma</fullName>
                <default>false</default>
                <label>Diploma</label>
            </value>
            <value>
                <fullName>Transcript of Records</fullName>
                <default>false</default>
                <label>Transcript of Records</label>
            </value>
            <value>
                <fullName>Enrollment</fullName>
                <default>false</default>
                <label>Enrollment</label>
            </value>
            <value>
                <fullName>Graduation Fee</fullName>
                <default>false</default>
                <label>Graduation Fee</label>
            </value>
            <value>
                <fullName>Others</fullName>
                <default>false</default>
                <label>Others</label>
            </value>
        </valueSetDefinition>
    </valueSet>
</CustomField>
