<?xml version="1.0" encoding="UTF-8"?>
<CustomField xmlns="http://soap.sforce.com/2006/04/metadata">
    <fullName>Net_Invoice_Value__c</fullName>
    <externalId>false</externalId>
    <label>Net Invoice Value</label>
    <summarizedField>Product_Invoice__c.Net_Invoice_Value__c</summarizedField>
    <summaryForeignKey>Product_Invoice__c.Invoice__c</summaryForeignKey>
    <summaryOperation>sum</summaryOperation>
    <trackHistory>false</trackHistory>
    <trackTrending>false</trackTrending>
    <type>Summary</type>
</CustomField>
