<?xml version="1.0" encoding="UTF-8"?>
<CustomField xmlns="http://soap.sforce.com/2006/04/metadata">
    <fullName>Price_Discount__c</fullName>
    <externalId>false</externalId>
    <label>Price Discount</label>
    <summarizedField>Product_Invoice__c.Price_Discount__c</summarizedField>
    <summaryForeignKey>Product_Invoice__c.Invoice__c</summaryForeignKey>
    <summaryOperation>max</summaryOperation>
    <trackHistory>false</trackHistory>
    <trackTrending>false</trackTrending>
    <type>Summary</type>
</CustomField>
