<?xml version="1.0" encoding="UTF-8"?>
<CustomField xmlns="http://soap.sforce.com/2006/04/metadata">
    <fullName>District__c</fullName>
    <externalId>false</externalId>
    <label>District</label>
    <required>false</required>
    <trackHistory>false</trackHistory>
    <trackTrending>false</trackTrending>
    <type>Picklist</type>
    <valueSet>
        <controllingField>State__c</controllingField>
        <restricted>true</restricted>
        <valueSetName>District</valueSetName>
        <valueSettings>
            <controllingFieldValue>California</controllingFieldValue>
            <valueName>San Francisco</valueName>
        </valueSettings>
        <valueSettings>
            <controllingFieldValue>California</controllingFieldValue>
            <valueName>Los Angeles</valueName>
        </valueSettings>
        <valueSettings>
            <controllingFieldValue>Hawaii</controllingFieldValue>
            <valueName>Waipio</valueName>
        </valueSettings>
        <valueSettings>
            <controllingFieldValue>Hawaii</controllingFieldValue>
            <valueName>HIlo</valueName>
        </valueSettings>
        <valueSettings>
            <controllingFieldValue>Hawaii</controllingFieldValue>
            <valueName>Keaau</valueName>
        </valueSettings>
        <valueSettings>
            <controllingFieldValue>Washington</controllingFieldValue>
            <valueName>Seattle</valueName>
        </valueSettings>
        <valueSettings>
            <controllingFieldValue>Washington</controllingFieldValue>
            <valueName>Portland</valueName>
        </valueSettings>
        <valueSettings>
            <controllingFieldValue>New York</controllingFieldValue>
            <valueName>Manhattan</valueName>
        </valueSettings>
        <valueSettings>
            <controllingFieldValue>New York</controllingFieldValue>
            <valueName>Brooklyn</valueName>
        </valueSettings>
        <valueSettings>
            <controllingFieldValue>New York</controllingFieldValue>
            <valueName>Bronx</valueName>
        </valueSettings>
    </valueSet>
</CustomField>
