[{"_allAttributes":null,"_properties":null,"_methods":null,"file":"d:/Salesforce Training/LMS App/force-app/main/default/lwc/createContractButton/createContractButton.js","metadata":{"decorators":[{"type":"api","targets":[{"type":"property","name":"recordId","value":{"type":"unresolved"}}]},{"type":"wire","targets":[{"name":"result","adapter":{"name":"getUnitId","reference":"@salesforce/apex/CreateContract.getUnitId"},"type":"method","static":{},"params":{"fetchId":"recordId"}}]}],"declarationLoc":{"start":{"line":8,"column":0},"end":{"line":87,"column":1}},"classMembers":[{"type":"property","name":"value","loc":{"start":{"line":9,"column":4},"end":{"line":9,"column":33}}},{"type":"property","name":"isLoading","loc":{"start":{"line":10,"column":4},"end":{"line":10,"column":21}}},{"type":"property","name":"isError","loc":{"start":{"line":11,"column":4},"end":{"line":11,"column":20}}},{"type":"method","name":"result","loc":{"start":{"line":18,"column":4},"end":{"line":55,"column":5}},"decorator":"wire"},{"type":"property","name":"buildingName","loc":{"start":{"line":13,"column":4},"end":{"line":13,"column":17}}},{"type":"property","name":"tenant","loc":{"start":{"line":14,"column":4},"end":{"line":14,"column":11}}},{"type":"property","name":"flatNo","loc":{"start":{"line":15,"column":4},"end":{"line":15,"column":11}}},{"type":"property","name":"price","loc":{"start":{"line":16,"column":4},"end":{"line":16,"column":10}}},{"type":"property","name":"recordId","loc":{"start":{"line":17,"column":4},"end":{"line":17,"column":18}},"decorator":"api","value":{"type":"unresolved"}},{"type":"property","name":"options","loc":{"start":{"line":56,"column":4},"end":{"line":59,"column":5}}},{"type":"method","name":"handleChange","loc":{"start":{"line":60,"column":4},"end":{"line":62,"column":5}}},{"type":"method","name":"handleCancel","loc":{"start":{"line":63,"column":4},"end":{"line":65,"column":5}}},{"type":"method","name":"handleCreate","loc":{"start":{"line":66,"column":4},"end":{"line":86,"column":5}}}],"exports":[{"type":"ExportDefaultDeclaration"}]},"updatedAt":"2022-08-07T10:57:39.707Z"},{"_allAttributes":null,"_properties":null,"_methods":null,"file":"d:/Salesforce Training/LMS App/force-app/main/default/lwc/searchResult/searchResult.js","metadata":{"decorators":[{"type":"api","targets":[{"type":"property","name":"title","value":{"type":"unresolved"}},{"type":"property","name":"columns","value":{"type":"unresolved"}},{"type":"property","name":"result","value":{"type":"unresolved"}},{"type":"property","name":"isloading","value":{"type":"unresolved"}},{"type":"property","name":"isempty","value":{"type":"unresolved"}},{"type":"property","name":"isemptyresult","value":{"type":"unresolved"}}]}],"declarationLoc":{"start":{"line":3,"column":0},"end":{"line":10,"column":1}},"classMembers":[{"type":"property","name":"title","loc":{"start":{"line":4,"column":4},"end":{"line":4,"column":15}},"decorator":"api","value":{"type":"unresolved"}},{"type":"property","name":"columns","loc":{"start":{"line":5,"column":4},"end":{"line":5,"column":17}},"decorator":"api","value":{"type":"unresolved"}},{"type":"property","name":"result","loc":{"start":{"line":6,"column":4},"end":{"line":6,"column":16}},"decorator":"api","value":{"type":"unresolved"}},{"type":"property","name":"isloading","loc":{"start":{"line":7,"column":4},"end":{"line":7,"column":19}},"decorator":"api","value":{"type":"unresolved"}},{"type":"property","name":"isempty","loc":{"start":{"line":8,"column":4},"end":{"line":8,"column":17}},"decorator":"api","value":{"type":"unresolved"}},{"type":"property","name":"isemptyresult","loc":{"start":{"line":9,"column":4},"end":{"line":9,"column":23}},"decorator":"api","value":{"type":"unresolved"}}],"exports":[{"type":"ExportDefaultDeclaration"}]},"updatedAt":"2022-08-07T10:57:39.658Z"},{"_allAttributes":null,"_properties":null,"_methods":null,"file":"d:/Salesforce Training/LMS App/force-app/main/default/lwc/searchSection/searchSection.js","metadata":{"decorators":[{"type":"wire","targets":[{"name":"messageContext","adapter":{"name":"MessageContext","reference":"lightning/messageService"},"type":"property"}]}],"declarationLoc":{"start":{"line":9,"column":0},"end":{"line":47,"column":1}},"classMembers":[{"type":"property","name":"messageContext","loc":{"start":{"line":10,"column":4},"end":{"line":11,"column":19}},"decorator":"wire"},{"type":"property","name":"options","loc":{"start":{"line":12,"column":4},"end":{"line":12,"column":22}}},{"type":"property","name":"value","loc":{"start":{"line":13,"column":4},"end":{"line":13,"column":28}}},{"type":"property","name":"searchValue","loc":{"start":{"line":14,"column":4},"end":{"line":14,"column":21}}},{"type":"method","name":"handleSearch","loc":{"start":{"line":15,"column":4},"end":{"line":19,"column":5}}},{"type":"method","name":"handleChange","loc":{"start":{"line":20,"column":4},"end":{"line":23,"column":5}}},{"type":"method","name":"handleSearchTerm","loc":{"start":{"line":24,"column":4},"end":{"line":30,"column":5}}},{"type":"method","name":"searchBuilding","loc":{"start":{"line":31,"column":4},"end":{"line":35,"column":5}}},{"type":"method","name":"searchContact","loc":{"start":{"line":36,"column":4},"end":{"line":40,"column":5}}},{"type":"method","name":"searchContract","loc":{"start":{"line":41,"column":4},"end":{"line":45,"column":5}}}],"exports":[{"type":"ExportDefaultDeclaration"}]},"updatedAt":"2022-08-07T10:57:39.693Z"},{"_allAttributes":null,"_properties":null,"_methods":null,"file":"d:/Salesforce Training/LMS App/force-app/main/default/lwc/unitSection/unitSection.js","metadata":{"decorators":[{"type":"wire","targets":[{"name":"messageContext","adapter":{"name":"MessageContext","reference":"lightning/messageService"},"type":"property"}]}],"declarationLoc":{"start":{"line":17,"column":0},"end":{"line":93,"column":1}},"classMembers":[{"type":"property","name":"columns","loc":{"start":{"line":18,"column":4},"end":{"line":18,"column":22}}},{"type":"property","name":"isloading","loc":{"start":{"line":19,"column":4},"end":{"line":19,"column":22}}},{"type":"property","name":"result","loc":{"start":{"line":20,"column":4},"end":{"line":20,"column":18}}},{"type":"property","name":"subscription","loc":{"start":{"line":21,"column":4},"end":{"line":21,"column":24}}},{"type":"property","name":"messageContext","loc":{"start":{"line":22,"column":4},"end":{"line":22,"column":42}},"decorator":"wire"},{"type":"method","name":"subscribeToMessageChannel","loc":{"start":{"line":23,"column":4},"end":{"line":29,"column":5}}},{"type":"method","name":"handleSearch","loc":{"start":{"line":30,"column":4},"end":{"line":59,"column":5}}},{"type":"method","name":"formatResult","loc":{"start":{"line":60,"column":4},"end":{"line":88,"column":5}}},{"type":"method","name":"connectedCallback","loc":{"start":{"line":89,"column":4},"end":{"line":92,"column":5}}}],"exports":[{"type":"ExportDefaultDeclaration"}]},"updatedAt":"2022-08-07T10:57:39.698Z"},{"_allAttributes":null,"_properties":null,"_methods":null,"file":"d:/Salesforce Training/LMS App/force-app/main/default/lwc/sendContract/sendContract.js","metadata":{"decorators":[{"type":"api","targets":[{"type":"property","name":"recordId","value":{"type":"unresolved"}},{"type":"method","name":"invoke"}]}],"declarationLoc":{"start":{"line":6,"column":0},"end":{"line":30,"column":1}},"classMembers":[{"type":"property","name":"recordId","loc":{"start":{"line":7,"column":4},"end":{"line":7,"column":18}},"decorator":"api","value":{"type":"unresolved"}},{"type":"method","name":"invoke","loc":{"start":{"line":8,"column":4},"end":{"line":29,"column":5}},"decorator":"api"}],"exports":[{"type":"ExportDefaultDeclaration"}]},"updatedAt":"2022-08-07T10:57:39.689Z"},{"_allAttributes":null,"_properties":null,"_methods":null,"file":"d:/Salesforce Training/LMS App/force-app/main/default/lwc/buildingSection/buildingSection.js","metadata":{"decorators":[{"type":"wire","targets":[{"name":"messageContext","adapter":{"name":"MessageContext","reference":"lightning/messageService"},"type":"property"}]}],"declarationLoc":{"start":{"line":14,"column":0},"end":{"line":95,"column":1}},"classMembers":[{"type":"property","name":"columns","loc":{"start":{"line":15,"column":8},"end":{"line":15,"column":26}}},{"type":"property","name":"isloading","loc":{"start":{"line":16,"column":4},"end":{"line":16,"column":22}}},{"type":"property","name":"result","loc":{"start":{"line":17,"column":4},"end":{"line":17,"column":18}}},{"type":"property","name":"subscription","loc":{"start":{"line":18,"column":4},"end":{"line":18,"column":24}}},{"type":"property","name":"messageContext","loc":{"start":{"line":19,"column":4},"end":{"line":19,"column":42}},"decorator":"wire"},{"type":"method","name":"subscribeToMessageChannel","loc":{"start":{"line":20,"column":4},"end":{"line":26,"column":5}}},{"type":"method","name":"handleSearch","loc":{"start":{"line":27,"column":4},"end":{"line":56,"column":5}}},{"type":"method","name":"formatResult","loc":{"start":{"line":57,"column":4},"end":{"line":74,"column":5}}},{"type":"method","name":"formatBldgResult","loc":{"start":{"line":75,"column":4},"end":{"line":90,"column":5}}},{"type":"method","name":"connectedCallback","loc":{"start":{"line":91,"column":4},"end":{"line":94,"column":5}}}],"exports":[{"type":"ExportDefaultDeclaration"}]},"updatedAt":"2022-08-07T10:57:39.703Z"},{"_allAttributes":null,"_properties":null,"_methods":null,"file":"d:/Salesforce Training/LMS App/force-app/main/default/lwc/contactSection/contactSection.js","metadata":{"decorators":[{"type":"wire","targets":[{"name":"messageContext","adapter":{"name":"MessageContext","reference":"lightning/messageService"},"type":"property"}]}],"declarationLoc":{"start":{"line":12,"column":0},"end":{"line":89,"column":1}},"classMembers":[{"type":"property","name":"columns","loc":{"start":{"line":13,"column":4},"end":{"line":13,"column":22}}},{"type":"property","name":"isloading","loc":{"start":{"line":14,"column":4},"end":{"line":14,"column":22}}},{"type":"property","name":"result","loc":{"start":{"line":15,"column":4},"end":{"line":15,"column":18}}},{"type":"property","name":"subscription","loc":{"start":{"line":16,"column":4},"end":{"line":16,"column":24}}},{"type":"property","name":"messageContext","loc":{"start":{"line":17,"column":4},"end":{"line":17,"column":42}},"decorator":"wire"},{"type":"method","name":"subscribeToMessageChannel","loc":{"start":{"line":18,"column":4},"end":{"line":24,"column":5}}},{"type":"method","name":"handleSearch","loc":{"start":{"line":25,"column":4},"end":{"line":54,"column":5}}},{"type":"method","name":"formatResult","loc":{"start":{"line":55,"column":4},"end":{"line":70,"column":5}}},{"type":"method","name":"formatContactResult","loc":{"start":{"line":71,"column":4},"end":{"line":84,"column":5}}},{"type":"method","name":"connectedCallback","loc":{"start":{"line":85,"column":4},"end":{"line":88,"column":5}}}],"exports":[{"type":"ExportDefaultDeclaration"}]},"updatedAt":"2022-08-07T10:57:39.639Z"},{"_allAttributes":null,"_properties":null,"_methods":null,"file":"d:/Salesforce Training/LMS App/force-app/main/default/lwc/contractSection/contractSection.js","metadata":{"decorators":[{"type":"wire","targets":[{"name":"messageContext","adapter":{"name":"MessageContext","reference":"lightning/messageService"},"type":"property"}]}],"declarationLoc":{"start":{"line":16,"column":0},"end":{"line":99,"column":1}},"classMembers":[{"type":"property","name":"columns","loc":{"start":{"line":17,"column":4},"end":{"line":17,"column":22}}},{"type":"property","name":"isloading","loc":{"start":{"line":18,"column":4},"end":{"line":18,"column":22}}},{"type":"property","name":"result","loc":{"start":{"line":19,"column":4},"end":{"line":19,"column":18}}},{"type":"property","name":"subscription","loc":{"start":{"line":20,"column":4},"end":{"line":20,"column":24}}},{"type":"property","name":"messageContext","loc":{"start":{"line":21,"column":4},"end":{"line":21,"column":42}},"decorator":"wire"},{"type":"method","name":"subscribeToMessageChannel","loc":{"start":{"line":22,"column":4},"end":{"line":28,"column":5}}},{"type":"method","name":"handleSearch","loc":{"start":{"line":29,"column":4},"end":{"line":58,"column":5}}},{"type":"method","name":"formatResult","loc":{"start":{"line":59,"column":4},"end":{"line":77,"column":5}}},{"type":"method","name":"formatContractResult","loc":{"start":{"line":78,"column":4},"end":{"line":94,"column":5}}},{"type":"method","name":"connectedCallback","loc":{"start":{"line":95,"column":4},"end":{"line":98,"column":5}}}],"exports":[{"type":"ExportDefaultDeclaration"}]},"updatedAt":"2022-08-07T10:57:39.712Z"}]