<?xml version="1.0" encoding="UTF-8"?>
<CustomField xmlns="http://soap.sforce.com/2006/04/metadata">
    <fullName>Car_Booking__c</fullName>
    <externalId>false</externalId>
    <label>Car Booking</label>
    <referenceTo>Car_Booking__c</referenceTo>
    <relationshipLabel>Car Customizations</relationshipLabel>
    <relationshipName>Car_Customizations</relationshipName>
    <relationshipOrder>0</relationshipOrder>
    <reparentableMasterDetail>false</reparentableMasterDetail>
    <trackHistory>false</trackHistory>
    <trackTrending>false</trackTrending>
    <type>MasterDetail</type>
    <writeRequiresMasterRead>false</writeRequiresMasterRead>
</CustomField>
