<?xml version="1.0" encoding="UTF-8"?>
<CustomField xmlns="http://soap.sforce.com/2006/04/metadata">
    <fullName>Type__c</fullName>
    <externalId>false</externalId>
    <label>Type</label>
    <required>false</required>
    <trackHistory>false</trackHistory>
    <trackTrending>false</trackTrending>
    <type>Picklist</type>
    <valueSet>
        <restricted>true</restricted>
        <valueSetDefinition>
            <sorted>false</sorted>
            <value>
                <fullName>Engine</fullName>
                <default>false</default>
                <label>Engine</label>
            </value>
            <value>
                <fullName>Chassis</fullName>
                <default>false</default>
                <label>Chassis</label>
            </value>
            <value>
                <fullName>Body</fullName>
                <default>false</default>
                <label>Body</label>
            </value>
            <value>
                <fullName>Suspension</fullName>
                <default>false</default>
                <label>Suspension</label>
            </value>
            <value>
                <fullName>Transmission</fullName>
                <default>false</default>
                <label>Transmission</label>
            </value>
            <value>
                <fullName>Wheels</fullName>
                <default>false</default>
                <label>Wheels</label>
            </value>
            <value>
                <fullName>Color</fullName>
                <default>false</default>
                <label>Color</label>
            </value>
            <value>
                <fullName>Other</fullName>
                <default>false</default>
                <label>Other</label>
            </value>
        </valueSetDefinition>
    </valueSet>
</CustomField>
