<?xml version="1.0" encoding="UTF-8"?>
<CustomField xmlns="http://soap.sforce.com/2006/04/metadata">
    <fullName>Type__c</fullName>
    <externalId>false</externalId>
    <label>Type</label>
    <required>false</required>
    <trackHistory>false</trackHistory>
    <trackTrending>false</trackTrending>
    <type>Picklist</type>
    <valueSet>
        <restricted>true</restricted>
        <valueSetDefinition>
            <sorted>false</sorted>
            <value>
                <fullName>Staff</fullName>
                <default>false</default>
                <label>Staff</label>
            </value>
            <value>
                <fullName>Family</fullName>
                <default>false</default>
                <label>Family</label>
            </value>
            <value>
                <fullName>Friend</fullName>
                <default>false</default>
                <label>Friend</label>
            </value>
        </valueSetDefinition>
    </valueSet>
</CustomField>
