<?xml version="1.0" encoding="UTF-8"?>
<CustomField xmlns="http://soap.sforce.com/2006/04/metadata">
    <fullName>Need_Renovation__c</fullName>
    <externalId>false</externalId>
    <formula>IF(ISBLANK(Property_Age_Years__c ),null,IF( Property_Age_Years__c &lt; 5, IMAGE(&quot;/resource/StatusDot/green.png&quot;,&quot;green&quot;,20,20), IF(AND( Property_Age_Years__c &gt;=5,Property_Age_Years__c &lt; 10 ), IMAGE(&quot;/resource/StatusDot/orange.png&quot;,&quot;orange&quot;,20,20),IMAGE(&quot;/resource/StatusDot/red.png&quot;,&quot;red&quot;,20,20) )))</formula>
    <formulaTreatBlanksAs>BlankAsZero</formulaTreatBlanksAs>
    <label>Need Renovation</label>
    <required>false</required>
    <trackHistory>false</trackHistory>
    <trackTrending>false</trackTrending>
    <type>Text</type>
    <unique>false</unique>
</CustomField>
