<?xml version="1.0" encoding="UTF-8"?>
<CustomField xmlns="http://soap.sforce.com/2006/04/metadata">
    <fullName>Property_Age_Years__c</fullName>
    <externalId>false</externalId>
    <formula>IF(OR(ISBLANK(Built_On__c),Built_On__c&gt;TODAY() ), 0, IF( DAYOFYEAR(Built_On__c)&lt;=DAYOFYEAR(TODAY()), YEAR(TODAY())-YEAR(Built_On__c),YEAR(TODAY())-YEAR(Built_On__c)-1))</formula>
    <formulaTreatBlanksAs>BlankAsZero</formulaTreatBlanksAs>
    <label>Property Age(Years)</label>
    <precision>18</precision>
    <required>false</required>
    <scale>0</scale>
    <trackHistory>false</trackHistory>
    <trackTrending>false</trackTrending>
    <type>Number</type>
    <unique>false</unique>
</CustomField>
