<?xml version="1.0" encoding="UTF-8"?>
<RecordType xmlns="http://soap.sforce.com/2006/04/metadata">
    <fullName>Default</fullName>
    <active>true</active>
    <label>Default</label>
    <picklistValues>
        <picklist>Status__c</picklist>
        <values>
            <fullName>Approved</fullName>
            <default>false</default>
        </values>
        <values>
            <fullName>New</fullName>
            <default>false</default>
        </values>
        <values>
            <fullName>Rejected</fullName>
            <default>false</default>
        </values>
        <values>
            <fullName>Sent for Approval</fullName>
            <default>false</default>
        </values>
    </picklistValues>
</RecordType>
